reference,doi,species,treatment,t,p_mean,p_sd,n,source
Birch et al. 1983,10.1515/botm.1983.26.4.165,Cladophora aff. albida,Control,0,1,NA,5,"Figure 4a, Table 1, Text"
Birch et al. 1983,10.1515/botm.1983.26.4.165,Cladophora aff. albida,Control,7,0.88165099,0.029709844,5,"Figure 4a, Table 1, Text"
Birch et al. 1983,10.1515/botm.1983.26.4.165,Cladophora aff. albida,Control,14,0.903079704,0.026497969,5,"Figure 4a, Table 1, Text"
Birch et al. 1983,10.1515/botm.1983.26.4.165,Cladophora aff. albida,Control,28,0.869559961,0.024885236,5,"Figure 4a, Table 1, Text"
Birch et al. 1983,10.1515/botm.1983.26.4.165,Cladophora aff. albida,Control,56,0.892459772,0.026497969,5,"Figure 4a, Table 1, Text"
Birch et al. 1983,10.1515/botm.1983.26.4.165,Cladophora aff. albida,Control,90,0.711936658,0.039345469,5,"Figure 4a, Table 1, Text"
Birch et al. 1983,10.1515/botm.1983.26.4.165,Cladophora aff. albida,Control,118,0.406408656,0.034514065,5,"Figure 4a, Table 1, Text"
Birch et al. 1983,10.1515/botm.1983.26.4.165,Cladophora aff. albida,Control,146,0.460610657,0.057820546,5,"Figure 4a, Table 1, Text"
Birch et al. 1983,10.1515/botm.1983.26.4.165,Cladophora aff. albida,Control,182,0.422145056,0.028906875,5,"Figure 4a, Table 1, Text"
Birch et al. 1983,10.1515/botm.1983.26.4.165,Cladophora aff. albida,Control,364,0.297218855,0.008029688,5,"Figure 4a, Table 1, Text"
Birch et al. 1983,10.1515/botm.1983.26.4.165,Cladophora aff. albida,Pre-killed,0,1,NA,5,"Figure 4b, Table 1, Text"
Birch et al. 1983,10.1515/botm.1983.26.4.165,Cladophora aff. albida,Pre-killed,7,0.86102809,0.017994546,5,"Figure 4b, Table 1, Text"
Birch et al. 1983,10.1515/botm.1983.26.4.165,Cladophora aff. albida,Pre-killed,14,0.809774571,0.035989092,5,"Figure 4b, Table 1, Text"
Birch et al. 1983,10.1515/botm.1983.26.4.165,Cladophora aff. albida,Pre-killed,28,0.71359191,0.02437633,5,"Figure 4b, Table 1, Text"
Birch et al. 1983,10.1515/botm.1983.26.4.165,Cladophora aff. albida,Pre-killed,56,0.661085899,0.024960176,5,"Figure 4b, Table 1, Text"
Birch et al. 1983,10.1515/botm.1983.26.4.165,Cladophora aff. albida,Pre-killed,90,0.524243001,0.018575015,5,"Figure 4b, Table 1, Text"
Birch et al. 1983,10.1515/botm.1983.26.4.165,Cladophora aff. albida,Pre-killed,118,0.400342653,0.020900269,5,"Figure 4b, Table 1, Text"
Birch et al. 1983,10.1515/botm.1983.26.4.165,Cladophora aff. albida,Pre-killed,146,0.347246042,0.024960176,5,"Figure 4b, Table 1, Text"
Brouwer 1996,10.1007/bf02390433,Desmarestia anceps,Control,0,1,0.042648709,5,Figure 4a
Brouwer 1996,10.1007/bf02390433,Desmarestia anceps,Control,34,0.97266099,0.069584736,5,Figure 4a
Brouwer 1996,10.1007/bf02390433,Desmarestia anceps,Control,60,0.959809563,0.042648709,5,Figure 4a
Brouwer 1996,10.1007/bf02390433,Desmarestia anceps,Control,85,0.990718903,0.037037037,5,Figure 4a
Brouwer 1996,10.1007/bf02390433,Desmarestia anceps,Control,115,0.940830439,0.109983638,5,Figure 4a
Brouwer 1996,10.1007/bf02390433,Desmarestia anceps,Control,144,0.990860571,0.066217733,5,Figure 4a
Brouwer 1996,10.1007/bf02390433,Desmarestia anceps,Control,172,0.94885414,0.074074074,5,Figure 4a
Brouwer 1996,10.1007/bf02390433,Desmarestia anceps,Control,200,0.918055638,0.08305275,5,Figure 4a
Brouwer 1996,10.1007/bf02390433,Desmarestia anceps,Control,228,0.899602815,0.028058361,5,Figure 4a
Brouwer 1996,10.1007/bf02390433,Desmarestia anceps,Control,259,0.823988009,0.140286669,5,Figure 4a
Brouwer 1996,10.1007/bf02390433,Desmarestia anceps,Control,285,0.871711813,0.14365881,5,Figure 4a
Brouwer 1996,10.1007/bf02390433,Desmarestia anceps,Control,306,0.691488682,0.139164334,5,Figure 4a
Brouwer 1996,10.1007/bf02390433,Desmarestia anceps,Control,313,0.610834748,0.222222222,5,Figure 4a
Brouwer 1996,10.1007/bf02390433,Desmarestia anceps,Pre-killed,0,1,0.040540123,5,Figure 4b
Brouwer 1996,10.1007/bf02390433,Desmarestia anceps,Pre-killed,26,0.597974906,0.110359224,5,Figure 4b
Brouwer 1996,10.1007/bf02390433,Desmarestia anceps,Pre-killed,34,0.452275104,0.067566872,5,Figure 4b
Brouwer 1996,10.1007/bf02390433,Desmarestia anceps,Pre-killed,41,0.352668766,0.093467506,5,Figure 4b
Brouwer 1996,10.1007/bf02390433,Desmarestia anceps,Pre-killed,48,0.246305741,0.100224193,5,Figure 4b
Brouwer 1996,10.1007/bf02390433,Desmarestia anceps,Pre-killed,55,0.063366928,0.054053497,5,Figure 4b
Brouwer 1996,10.1007/bf02390433,Desmarestia anceps,Pre-killed,60,0.101048736,0.102481571,5,Figure 4b
Brouwer 1996,10.1007/bf02390433,Desmarestia anceps,Pre-killed,70,0.066937248,0.074323559,5,Figure 4b
Brouwer 1996,10.1007/bf02390433,Desmarestia anceps,Pre-killed,76,0.023549107,0.041666238,5,Figure 4b
Brouwer 1996,10.1007/bf02390433,Desmarestia anceps,Pre-killed,85,0.027529859,0.020270062,5,Figure 4b
Bourguès et al. 1996,10.1007/bf00034552,Ulvaria obscura,Spring,0,1,NA,1,"Figure 2, Table 1"
Bourguès et al. 1996,10.1007/bf00034552,Ulvaria obscura,Spring,7,0.86837304,NA,1,"Figure 2, Table 1"
Bourguès et al. 1996,10.1007/bf00034552,Ulvaria obscura,Spring,9,0.81262815,NA,1,"Figure 2, Table 1"
Bourguès et al. 1996,10.1007/bf00034552,Ulvaria obscura,Spring,15,0.96165687,NA,1,"Figure 2, Table 1"
Bourguès et al. 1996,10.1007/bf00034552,Ulvaria obscura,Spring,19,0.48491508,NA,1,"Figure 2, Table 1"
Bourguès et al. 1996,10.1007/bf00034552,Ulvaria obscura,Spring,21,0.26658714,NA,1,"Figure 2, Table 1"
Bourguès et al. 1996,10.1007/bf00034552,Ulvaria obscura,Spring,25,0.23305412,NA,1,"Figure 2, Table 1"
Bourguès et al. 1996,10.1007/bf00034552,Ulvaria obscura,Summer,0,1,NA,1,"Figure 3, Table 1"
Bourguès et al. 1996,10.1007/bf00034552,Ulvaria obscura,Summer,8,0.43665165,NA,1,"Figure 3, Table 1"
Bourguès et al. 1996,10.1007/bf00034552,Ulvaria obscura,Summer,11,0.32824513,NA,1,"Figure 3, Table 1"
Bourguès et al. 1996,10.1007/bf00034552,Ulvaria obscura,Summer,13,0.2200058,NA,1,"Figure 3, Table 1"
Bourguès et al. 1996,10.1007/bf00034552,Ulvaria obscura,Summer,15,0.47631332,NA,1,"Figure 3, Table 1"
Bourguès et al. 1996,10.1007/bf00034552,Ulvaria obscura,Summer,18,0.2599767,NA,1,"Figure 3, Table 1"
Bourguès et al. 1996,10.1007/bf00034552,Ulvaria obscura,Autumn,0,1,NA,1,"Figure 3, Table 1"
Bourguès et al. 1996,10.1007/bf00034552,Ulvaria obscura,Autumn,7,0.94826835,NA,1,"Figure 3, Table 1"
Bourguès et al. 1996,10.1007/bf00034552,Ulvaria obscura,Autumn,12,1.0551331,NA,1,"Figure 3, Table 1"
Bourguès et al. 1996,10.1007/bf00034552,Ulvaria obscura,Autumn,15,1.0460372,NA,1,"Figure 3, Table 1"
Bourguès et al. 1996,10.1007/bf00034552,Ulvaria obscura,Autumn,19,0.8516141,NA,1,"Figure 3, Table 1"
Bourguès et al. 1996,10.1007/bf00034552,Ulvaria obscura,Autumn,26,0.66595817,NA,1,"Figure 3, Table 1"
Bourguès et al. 1996,10.1007/bf00034552,Ulvaria obscura,Autumn,30,0.33760777,NA,1,"Figure 3, Table 1"
Bourguès et al. 1996,10.1007/bf00034552,Ulvaria obscura,Autumn,36,0.18389352,NA,1,"Figure 3, Table 1"
Bourguès et al. 1996,10.1007/bf00034552,Ulvaria obscura,Winter,0,1,NA,1,"Figure 3, Table 1"
Bourguès et al. 1996,10.1007/bf00034552,Ulvaria obscura,Winter,6,0.79310346,NA,1,"Figure 3, Table 1"
Bourguès et al. 1996,10.1007/bf00034552,Ulvaria obscura,Winter,12,0.95537525,NA,1,"Figure 3, Table 1"
Bourguès et al. 1996,10.1007/bf00034552,Ulvaria obscura,Winter,15,0.48478702,NA,1,"Figure 3, Table 1"
Bourguès et al. 1996,10.1007/bf00034552,Ulvaria obscura,Winter,19,0.9452333,NA,1,"Figure 3, Table 1"
Bourguès et al. 1996,10.1007/bf00034552,Ulvaria obscura,Winter,26,0.69574034,NA,1,"Figure 3, Table 1"
Bourguès et al. 1996,10.1007/bf00034552,Ulvaria obscura,Winter,30,0.5436106,NA,1,"Figure 3, Table 1"
Vandendriessche et al. 2007,10.1016/j.jembe.2006.11.010,Fucus vesiculosus,10°C Grazed,0,1,NA,1,"Data, Figure 3"
Vandendriessche et al. 2007,10.1016/j.jembe.2006.11.010,Fucus vesiculosus,10°C Grazed,2,1.035870679,NA,1,"Data, Figure 3"
Vandendriessche et al. 2007,10.1016/j.jembe.2006.11.010,Fucus vesiculosus,10°C Grazed,5,1.19724215,NA,1,"Data, Figure 3"
Vandendriessche et al. 2007,10.1016/j.jembe.2006.11.010,Fucus vesiculosus,10°C Grazed,6,1.183266561,NA,1,"Data, Figure 3"
Vandendriessche et al. 2007,10.1016/j.jembe.2006.11.010,Fucus vesiculosus,10°C Grazed,7,1.050871145,NA,1,"Data, Figure 3"
Vandendriessche et al. 2007,10.1016/j.jembe.2006.11.010,Fucus vesiculosus,10°C Grazed,8,1.054691139,NA,1,"Data, Figure 3"
Vandendriessche et al. 2007,10.1016/j.jembe.2006.11.010,Fucus vesiculosus,10°C Grazed,12,1.091773036,NA,1,"Data, Figure 3"
Vandendriessche et al. 2007,10.1016/j.jembe.2006.11.010,Fucus vesiculosus,10°C Grazed,13,1.118512997,NA,1,"Data, Figure 3"
Vandendriessche et al. 2007,10.1016/j.jembe.2006.11.010,Fucus vesiculosus,10°C Grazed,15,1.162023665,NA,1,"Data, Figure 3"
Vandendriessche et al. 2007,10.1016/j.jembe.2006.11.010,Fucus vesiculosus,10°C Grazed,16,1.157178794,NA,1,"Data, Figure 3"
Vandendriessche et al. 2007,10.1016/j.jembe.2006.11.010,Fucus vesiculosus,10°C Grazed,20,1.145718811,NA,1,"Data, Figure 3"
Vandendriessche et al. 2007,10.1016/j.jembe.2006.11.010,Fucus vesiculosus,10°C Grazed,21,1.116463244,NA,1,"Data, Figure 3"
Vandendriessche et al. 2007,10.1016/j.jembe.2006.11.010,Fucus vesiculosus,10°C Grazed,22,1.135283704,NA,1,"Data, Figure 3"
Vandendriessche et al. 2007,10.1016/j.jembe.2006.11.010,Fucus vesiculosus,10°C Grazed,23,1.140128575,NA,1,"Data, Figure 3"
Vandendriessche et al. 2007,10.1016/j.jembe.2006.11.010,Fucus vesiculosus,10°C Grazed,26,1.155781235,NA,1,"Data, Figure 3"
Vandendriessche et al. 2007,10.1016/j.jembe.2006.11.010,Fucus vesiculosus,10°C Grazed,27,1.142830523,NA,1,"Data, Figure 3"
Vandendriessche et al. 2007,10.1016/j.jembe.2006.11.010,Fucus vesiculosus,10°C Grazed,28,1.154290506,NA,1,"Data, Figure 3"
Vandendriessche et al. 2007,10.1016/j.jembe.2006.11.010,Fucus vesiculosus,10°C Grazed,29,1.145998323,NA,1,"Data, Figure 3"
Vandendriessche et al. 2007,10.1016/j.jembe.2006.11.010,Fucus vesiculosus,10°C Grazed,30,1.110500326,NA,1,"Data, Figure 3"
Vandendriessche et al. 2007,10.1016/j.jembe.2006.11.010,Fucus vesiculosus,10°C Grazed,33,0.883723097,NA,1,"Data, Figure 3"
Vandendriessche et al. 2007,10.1016/j.jembe.2006.11.010,Fucus vesiculosus,10°C Grazed,34,0.761483276,NA,1,"Data, Figure 3"
Vandendriessche et al. 2007,10.1016/j.jembe.2006.11.010,Fucus vesiculosus,10°C Grazed,35,0.741544768,NA,1,"Data, Figure 3"
Vandendriessche et al. 2007,10.1016/j.jembe.2006.11.010,Fucus vesiculosus,10°C Grazed,36,0.656852697,NA,1,"Data, Figure 3"
Vandendriessche et al. 2007,10.1016/j.jembe.2006.11.010,Fucus vesiculosus,10°C Grazed,37,0.630485419,NA,1,"Data, Figure 3"
Vandendriessche et al. 2007,10.1016/j.jembe.2006.11.010,Fucus vesiculosus,10°C Grazed,40,0.516537781,NA,1,"Data, Figure 3"
Vandendriessche et al. 2007,10.1016/j.jembe.2006.11.010,Fucus vesiculosus,10°C Grazed,41,0.508152427,NA,1,"Data, Figure 3"
Vandendriessche et al. 2007,10.1016/j.jembe.2006.11.010,Fucus vesiculosus,10°C Grazed,42,0.233019659,NA,1,"Data, Figure 3"
Vandendriessche et al. 2007,10.1016/j.jembe.2006.11.010,Fucus vesiculosus,10°C Grazed,43,0.213640175,NA,1,"Data, Figure 3"
Vandendriessche et al. 2007,10.1016/j.jembe.2006.11.010,Fucus vesiculosus,10°C Grazed,44,0.203018727,NA,1,"Data, Figure 3"
Vandendriessche et al. 2007,10.1016/j.jembe.2006.11.010,Fucus vesiculosus,10°C Grazed,47,0.163234883,NA,1,"Data, Figure 3"
Vandendriessche et al. 2007,10.1016/j.jembe.2006.11.010,Fucus vesiculosus,10°C Grazed,48,0.149166123,NA,1,"Data, Figure 3"
Vandendriessche et al. 2007,10.1016/j.jembe.2006.11.010,Fucus vesiculosus,10°C Grazed,49,0.13304761,NA,1,"Data, Figure 3"
Vandendriessche et al. 2007,10.1016/j.jembe.2006.11.010,Fucus vesiculosus,10°C Grazed,50,0.119165191,NA,1,"Data, Figure 3"
Vandendriessche et al. 2007,10.1016/j.jembe.2006.11.010,Fucus vesiculosus,10°C Grazed,51,0.102394484,NA,1,"Data, Figure 3"
Vandendriessche et al. 2007,10.1016/j.jembe.2006.11.010,Fucus vesiculosus,10°C Grazed,54,0.086834995,NA,1,"Data, Figure 3"
Vandendriessche et al. 2007,10.1016/j.jembe.2006.11.010,Fucus vesiculosus,10°C Control,0,1,NA,1,"Data, Figure 3"
Vandendriessche et al. 2007,10.1016/j.jembe.2006.11.010,Fucus vesiculosus,10°C Control,2,0.971193416,NA,1,"Data, Figure 3"
Vandendriessche et al. 2007,10.1016/j.jembe.2006.11.010,Fucus vesiculosus,10°C Control,5,1.005669867,NA,1,"Data, Figure 3"
Vandendriessche et al. 2007,10.1016/j.jembe.2006.11.010,Fucus vesiculosus,10°C Control,6,1.005029721,NA,1,"Data, Figure 3"
Vandendriessche et al. 2007,10.1016/j.jembe.2006.11.010,Fucus vesiculosus,10°C Control,7,0.982441701,NA,1,"Data, Figure 3"
Vandendriessche et al. 2007,10.1016/j.jembe.2006.11.010,Fucus vesiculosus,10°C Control,8,0.982167353,NA,1,"Data, Figure 3"
Vandendriessche et al. 2007,10.1016/j.jembe.2006.11.010,Fucus vesiculosus,10°C Control,12,0.98948331,NA,1,"Data, Figure 3"
Vandendriessche et al. 2007,10.1016/j.jembe.2006.11.010,Fucus vesiculosus,10°C Control,13,1.001371742,NA,1,"Data, Figure 3"
Vandendriessche et al. 2007,10.1016/j.jembe.2006.11.010,Fucus vesiculosus,10°C Control,15,1.063740283,NA,1,"Data, Figure 3"
Vandendriessche et al. 2007,10.1016/j.jembe.2006.11.010,Fucus vesiculosus,10°C Control,16,1.028166438,NA,1,"Data, Figure 3"
Vandendriessche et al. 2007,10.1016/j.jembe.2006.11.010,Fucus vesiculosus,10°C Control,20,1.129126658,NA,1,"Data, Figure 3"
Vandendriessche et al. 2007,10.1016/j.jembe.2006.11.010,Fucus vesiculosus,10°C Control,21,1.122359396,NA,1,"Data, Figure 3"
Vandendriessche et al. 2007,10.1016/j.jembe.2006.11.010,Fucus vesiculosus,10°C Control,22,1.100228624,NA,1,"Data, Figure 3"
Vandendriessche et al. 2007,10.1016/j.jembe.2006.11.010,Fucus vesiculosus,10°C Control,23,1.10791038,NA,1,"Data, Figure 3"
Vandendriessche et al. 2007,10.1016/j.jembe.2006.11.010,Fucus vesiculosus,10°C Control,26,1.089254687,NA,1,"Data, Figure 3"
Vandendriessche et al. 2007,10.1016/j.jembe.2006.11.010,Fucus vesiculosus,10°C Control,27,1.073616827,NA,1,"Data, Figure 3"
Vandendriessche et al. 2007,10.1016/j.jembe.2006.11.010,Fucus vesiculosus,10°C Control,28,1.085596708,NA,1,"Data, Figure 3"
Vandendriessche et al. 2007,10.1016/j.jembe.2006.11.010,Fucus vesiculosus,10°C Control,29,1.085596708,NA,1,"Data, Figure 3"
Vandendriessche et al. 2007,10.1016/j.jembe.2006.11.010,Fucus vesiculosus,10°C Control,30,1.06438043,NA,1,"Data, Figure 3"
Vandendriessche et al. 2007,10.1016/j.jembe.2006.11.010,Fucus vesiculosus,10°C Control,33,1.106447188,NA,1,"Data, Figure 3"
Vandendriessche et al. 2007,10.1016/j.jembe.2006.11.010,Fucus vesiculosus,10°C Control,34,1.082395976,NA,1,"Data, Figure 3"
Vandendriessche et al. 2007,10.1016/j.jembe.2006.11.010,Fucus vesiculosus,10°C Control,35,1.042798354,NA,1,"Data, Figure 3"
Vandendriessche et al. 2007,10.1016/j.jembe.2006.11.010,Fucus vesiculosus,10°C Control,36,1.055326932,NA,1,"Data, Figure 3"
Vandendriessche et al. 2007,10.1016/j.jembe.2006.11.010,Fucus vesiculosus,10°C Control,37,1.041609511,NA,1,"Data, Figure 3"
Vandendriessche et al. 2007,10.1016/j.jembe.2006.11.010,Fucus vesiculosus,10°C Control,40,1.045358939,NA,1,"Data, Figure 3"
Vandendriessche et al. 2007,10.1016/j.jembe.2006.11.010,Fucus vesiculosus,10°C Control,41,1.014174668,NA,1,"Data, Figure 3"
Vandendriessche et al. 2007,10.1016/j.jembe.2006.11.010,Fucus vesiculosus,10°C Control,42,0.978875171,NA,1,"Data, Figure 3"
Vandendriessche et al. 2007,10.1016/j.jembe.2006.11.010,Fucus vesiculosus,10°C Control,43,0.979332419,NA,1,"Data, Figure 3"
Vandendriessche et al. 2007,10.1016/j.jembe.2006.11.010,Fucus vesiculosus,10°C Control,44,0.972565158,NA,1,"Data, Figure 3"
Vandendriessche et al. 2007,10.1016/j.jembe.2006.11.010,Fucus vesiculosus,10°C Control,47,1.017192501,NA,1,"Data, Figure 3"
Vandendriessche et al. 2007,10.1016/j.jembe.2006.11.010,Fucus vesiculosus,10°C Control,48,1.008596251,NA,1,"Data, Figure 3"
Vandendriessche et al. 2007,10.1016/j.jembe.2006.11.010,Fucus vesiculosus,10°C Control,49,1.008321902,NA,1,"Data, Figure 3"
Vandendriessche et al. 2007,10.1016/j.jembe.2006.11.010,Fucus vesiculosus,10°C Control,50,0.979606767,NA,1,"Data, Figure 3"
Vandendriessche et al. 2007,10.1016/j.jembe.2006.11.010,Fucus vesiculosus,10°C Control,51,0.994604481,NA,1,"Data, Figure 3"
Vandendriessche et al. 2007,10.1016/j.jembe.2006.11.010,Fucus vesiculosus,10°C Control,54,0.971376315,NA,1,"Data, Figure 3"
Vandendriessche et al. 2007,10.1016/j.jembe.2006.11.010,Fucus vesiculosus,10°C Control,55,0.971376315,NA,1,"Data, Figure 3"
Vandendriessche et al. 2007,10.1016/j.jembe.2006.11.010,Fucus vesiculosus,10°C Control,56,0.928029264,NA,1,"Data, Figure 3"
Vandendriessche et al. 2007,10.1016/j.jembe.2006.11.010,Fucus vesiculosus,10°C Control,61,0.886053955,NA,1,"Data, Figure 3"
Vandendriessche et al. 2007,10.1016/j.jembe.2006.11.010,Fucus vesiculosus,10°C Control,62,0.811248285,NA,1,"Data, Figure 3"
Vandendriessche et al. 2007,10.1016/j.jembe.2006.11.010,Fucus vesiculosus,10°C Control,63,0.809602195,NA,1,"Data, Figure 3"
Vandendriessche et al. 2007,10.1016/j.jembe.2006.11.010,Fucus vesiculosus,10°C Control,64,0.797805213,NA,1,"Data, Figure 3"
Vandendriessche et al. 2007,10.1016/j.jembe.2006.11.010,Fucus vesiculosus,10°C Control,65,0.714311843,NA,1,"Data, Figure 3"
Vandendriessche et al. 2007,10.1016/j.jembe.2006.11.010,Fucus vesiculosus,10°C Control,69,0.524645633,NA,1,"Data, Figure 3"
Vandendriessche et al. 2007,10.1016/j.jembe.2006.11.010,Fucus vesiculosus,10°C Control,72,0.510836763,NA,1,"Data, Figure 3"
Vandendriessche et al. 2007,10.1016/j.jembe.2006.11.010,Fucus vesiculosus,10°C Control,75,0.474074074,NA,1,"Data, Figure 3"
Vandendriessche et al. 2007,10.1016/j.jembe.2006.11.010,Fucus vesiculosus,10°C Control,76,0.451394604,NA,1,"Data, Figure 3"
Vandendriessche et al. 2007,10.1016/j.jembe.2006.11.010,Fucus vesiculosus,10°C Control,77,0.437037037,NA,1,"Data, Figure 3"
Vandendriessche et al. 2007,10.1016/j.jembe.2006.11.010,Fucus vesiculosus,10°C Control,78,0.405121171,NA,1,"Data, Figure 3"
Vandendriessche et al. 2007,10.1016/j.jembe.2006.11.010,Fucus vesiculosus,10°C Control,79,0.403109282,NA,1,"Data, Figure 3"
Vandendriessche et al. 2007,10.1016/j.jembe.2006.11.010,Fucus vesiculosus,10°C Control,82,0.392043896,NA,1,"Data, Figure 3"
Vandendriessche et al. 2007,10.1016/j.jembe.2006.11.010,Fucus vesiculosus,10°C Control,83,0.336168267,NA,1,"Data, Figure 3"
Vandendriessche et al. 2007,10.1016/j.jembe.2006.11.010,Fucus vesiculosus,10°C Control,84,0.331047096,NA,1,"Data, Figure 3"
Vandendriessche et al. 2007,10.1016/j.jembe.2006.11.010,Fucus vesiculosus,10°C Control,85,0.328212163,NA,1,"Data, Figure 3"
Vandendriessche et al. 2007,10.1016/j.jembe.2006.11.010,Fucus vesiculosus,10°C Control,86,0.305807042,NA,1,"Data, Figure 3"
Vandendriessche et al. 2007,10.1016/j.jembe.2006.11.010,Fucus vesiculosus,10°C Control,89,0.292912666,NA,1,"Data, Figure 3"
Vandendriessche et al. 2007,10.1016/j.jembe.2006.11.010,Fucus vesiculosus,10°C Control,0,1,NA,1,"Data, Figure 3"
Vandendriessche et al. 2007,10.1016/j.jembe.2006.11.010,Fucus vesiculosus,10°C Control,2,0.990538714,NA,1,"Data, Figure 3"
Vandendriessche et al. 2007,10.1016/j.jembe.2006.11.010,Fucus vesiculosus,10°C Control,5,1.051564008,NA,1,"Data, Figure 3"
Vandendriessche et al. 2007,10.1016/j.jembe.2006.11.010,Fucus vesiculosus,10°C Control,6,1.042672331,NA,1,"Data, Figure 3"
Vandendriessche et al. 2007,10.1016/j.jembe.2006.11.010,Fucus vesiculosus,10°C Control,7,1.013805754,NA,1,"Data, Figure 3"
Vandendriessche et al. 2007,10.1016/j.jembe.2006.11.010,Fucus vesiculosus,10°C Control,8,1.038134775,NA,1,"Data, Figure 3"
Vandendriessche et al. 2007,10.1016/j.jembe.2006.11.010,Fucus vesiculosus,10°C Control,12,1.069704576,NA,1,"Data, Figure 3"
Vandendriessche et al. 2007,10.1016/j.jembe.2006.11.010,Fucus vesiculosus,10°C Control,13,1.090944198,NA,1,"Data, Figure 3"
Vandendriessche et al. 2007,10.1016/j.jembe.2006.11.010,Fucus vesiculosus,10°C Control,15,1.245510716,NA,1,"Data, Figure 3"
Vandendriessche et al. 2007,10.1016/j.jembe.2006.11.010,Fucus vesiculosus,10°C Control,16,1.230642981,NA,1,"Data, Figure 3"
Vandendriessche et al. 2007,10.1016/j.jembe.2006.11.010,Fucus vesiculosus,10°C Control,20,1.23991118,NA,1,"Data, Figure 3"
Vandendriessche et al. 2007,10.1016/j.jembe.2006.11.010,Fucus vesiculosus,10°C Control,21,1.24715196,NA,1,"Data, Figure 3"
Vandendriessche et al. 2007,10.1016/j.jembe.2006.11.010,Fucus vesiculosus,10°C Control,22,1.251110253,NA,1,"Data, Figure 3"
Vandendriessche et al. 2007,10.1016/j.jembe.2006.11.010,Fucus vesiculosus,10°C Grazed,0,1,NA,1,"Data, Figure 3"
Vandendriessche et al. 2007,10.1016/j.jembe.2006.11.010,Fucus vesiculosus,10°C Grazed,2,0.983081847,NA,1,"Data, Figure 3"
Vandendriessche et al. 2007,10.1016/j.jembe.2006.11.010,Fucus vesiculosus,10°C Grazed,5,0.975765889,NA,1,"Data, Figure 3"
Vandendriessche et al. 2007,10.1016/j.jembe.2006.11.010,Fucus vesiculosus,10°C Grazed,6,0.817558299,NA,1,"Data, Figure 3"
Vandendriessche et al. 2007,10.1016/j.jembe.2006.11.010,Fucus vesiculosus,10°C Grazed,7,0.8086877,NA,1,"Data, Figure 3"
Vandendriessche et al. 2007,10.1016/j.jembe.2006.11.010,Fucus vesiculosus,10°C Grazed,8,0.807407407,NA,1,"Data, Figure 3"
Vandendriessche et al. 2007,10.1016/j.jembe.2006.11.010,Fucus vesiculosus,10°C Grazed,12,0.789026063,NA,1,"Data, Figure 3"
Vandendriessche et al. 2007,10.1016/j.jembe.2006.11.010,Fucus vesiculosus,10°C Grazed,13,0.736168267,NA,1,"Data, Figure 3"
Vandendriessche et al. 2007,10.1016/j.jembe.2006.11.010,Fucus vesiculosus,10°C Grazed,15,0.727663466,NA,1,"Data, Figure 3"
Vandendriessche et al. 2007,10.1016/j.jembe.2006.11.010,Fucus vesiculosus,10°C Grazed,16,0.739551898,NA,1,"Data, Figure 3"
Vandendriessche et al. 2007,10.1016/j.jembe.2006.11.010,Fucus vesiculosus,10°C Grazed,20,0.656058528,NA,1,"Data, Figure 3"
Vandendriessche et al. 2007,10.1016/j.jembe.2006.11.010,Fucus vesiculosus,10°C Grazed,21,0.692363969,NA,1,"Data, Figure 3"
Vandendriessche et al. 2007,10.1016/j.jembe.2006.11.010,Fucus vesiculosus,10°C Grazed,22,0.684224966,NA,1,"Data, Figure 3"
Vandendriessche et al. 2007,10.1016/j.jembe.2006.11.010,Fucus vesiculosus,10°C Grazed,23,0.686236854,NA,1,"Data, Figure 3"
Vandendriessche et al. 2007,10.1016/j.jembe.2006.11.010,Fucus vesiculosus,10°C Grazed,26,0.621856424,NA,1,"Data, Figure 3"
Vandendriessche et al. 2007,10.1016/j.jembe.2006.11.010,Fucus vesiculosus,10°C Grazed,27,0.544490169,NA,1,"Data, Figure 3"
Vandendriessche et al. 2007,10.1016/j.jembe.2006.11.010,Fucus vesiculosus,10°C Grazed,28,0.505258345,NA,1,"Data, Figure 3"
Vandendriessche et al. 2007,10.1016/j.jembe.2006.11.010,Fucus vesiculosus,10°C Grazed,29,0.47992684,NA,1,"Data, Figure 3"
Vandendriessche et al. 2007,10.1016/j.jembe.2006.11.010,Fucus vesiculosus,10°C Grazed,30,0.472793781,NA,1,"Data, Figure 3"
Vandendriessche et al. 2007,10.1016/j.jembe.2006.11.010,Fucus vesiculosus,10°C Grazed,33,0.289803384,NA,1,"Data, Figure 3"
Vandendriessche et al. 2007,10.1016/j.jembe.2006.11.010,Fucus vesiculosus,10°C Grazed,34,0.252583448,NA,1,"Data, Figure 3"
Vandendriessche et al. 2007,10.1016/j.jembe.2006.11.010,Fucus vesiculosus,10°C Grazed,35,0.205486968,NA,1,"Data, Figure 3"
Vandendriessche et al. 2007,10.1016/j.jembe.2006.11.010,Fucus vesiculosus,10°C Grazed,36,0.158939186,NA,1,"Data, Figure 3"
Vandendriessche et al. 2007,10.1016/j.jembe.2006.11.010,Fucus vesiculosus,10°C Grazed,0,1,NA,1,"Data, Figure 3"
Vandendriessche et al. 2007,10.1016/j.jembe.2006.11.010,Fucus vesiculosus,10°C Grazed,2,0.988856635,NA,1,"Data, Figure 3"
Vandendriessche et al. 2007,10.1016/j.jembe.2006.11.010,Fucus vesiculosus,10°C Grazed,5,1.081561944,NA,1,"Data, Figure 3"
Vandendriessche et al. 2007,10.1016/j.jembe.2006.11.010,Fucus vesiculosus,10°C Grazed,6,1.08624403,NA,1,"Data, Figure 3"
Vandendriessche et al. 2007,10.1016/j.jembe.2006.11.010,Fucus vesiculosus,10°C Grazed,7,0.993538721,NA,1,"Data, Figure 3"
Vandendriessche et al. 2007,10.1016/j.jembe.2006.11.010,Fucus vesiculosus,10°C Grazed,8,1.009176889,NA,1,"Data, Figure 3"
Vandendriessche et al. 2007,10.1016/j.jembe.2006.11.010,Fucus vesiculosus,10°C Grazed,12,1.025845117,NA,1,"Data, Figure 3"
Vandendriessche et al. 2007,10.1016/j.jembe.2006.11.010,Fucus vesiculosus,10°C Grazed,13,1.026313325,NA,1,"Data, Figure 3"
Vandendriessche et al. 2007,10.1016/j.jembe.2006.11.010,Fucus vesiculosus,10°C Grazed,15,0.972094765,NA,1,"Data, Figure 3"
Vandendriessche et al. 2007,10.1016/j.jembe.2006.11.010,Fucus vesiculosus,10°C Grazed,16,0.955894747,NA,1,"Data, Figure 3"
Vandendriessche et al. 2007,10.1016/j.jembe.2006.11.010,Fucus vesiculosus,10°C Grazed,20,0.738833224,NA,1,"Data, Figure 3"
Vandendriessche et al. 2007,10.1016/j.jembe.2006.11.010,Fucus vesiculosus,10°C Control,0,1,NA,1,"Data, Figure 3"
Vandendriessche et al. 2007,10.1016/j.jembe.2006.11.010,Fucus vesiculosus,10°C Control,2,0.97911107,NA,1,"Data, Figure 3"
Vandendriessche et al. 2007,10.1016/j.jembe.2006.11.010,Fucus vesiculosus,10°C Control,5,0.984632373,NA,1,"Data, Figure 3"
Vandendriessche et al. 2007,10.1016/j.jembe.2006.11.010,Fucus vesiculosus,10°C Control,6,0.985092482,NA,1,"Data, Figure 3"
Vandendriessche et al. 2007,10.1016/j.jembe.2006.11.010,Fucus vesiculosus,10°C Control,7,1.052728444,NA,1,"Data, Figure 3"
Vandendriessche et al. 2007,10.1016/j.jembe.2006.11.010,Fucus vesiculosus,10°C Control,8,1.045366707,NA,1,"Data, Figure 3"
Vandendriessche et al. 2007,10.1016/j.jembe.2006.11.010,Fucus vesiculosus,10°C Control,12,1.001564369,NA,1,"Data, Figure 3"
Vandendriessche et al. 2007,10.1016/j.jembe.2006.11.010,Fucus vesiculosus,10°C Control,13,1.004877151,NA,1,"Data, Figure 3"
Vandendriessche et al. 2007,10.1016/j.jembe.2006.11.010,Fucus vesiculosus,10°C Control,15,0.97322168,NA,1,"Data, Figure 3"
Vandendriessche et al. 2007,10.1016/j.jembe.2006.11.010,Fucus vesiculosus,10°C Control,16,0.968712616,NA,1,"Data, Figure 3"
Vandendriessche et al. 2007,10.1016/j.jembe.2006.11.010,Fucus vesiculosus,10°C Control,20,1.083555719,NA,1,"Data, Figure 3"
Vandendriessche et al. 2007,10.1016/j.jembe.2006.11.010,Fucus vesiculosus,10°C Control,21,1.089537131,NA,1,"Data, Figure 3"
Vandendriessche et al. 2007,10.1016/j.jembe.2006.11.010,Fucus vesiculosus,10°C Control,22,1.090917457,NA,1,"Data, Figure 3"
Vandendriessche et al. 2007,10.1016/j.jembe.2006.11.010,Fucus vesiculosus,10°C Control,23,1.069752462,NA,1,"Data, Figure 3"
Vandendriessche et al. 2007,10.1016/j.jembe.2006.11.010,Fucus vesiculosus,10°C Control,26,1.060918377,NA,1,"Data, Figure 3"
Vandendriessche et al. 2007,10.1016/j.jembe.2006.11.010,Fucus vesiculosus,10°C Control,27,1.038189013,NA,1,"Data, Figure 3"
Vandendriessche et al. 2007,10.1016/j.jembe.2006.11.010,Fucus vesiculosus,10°C Control,28,1.069384375,NA,1,"Data, Figure 3"
Vandendriessche et al. 2007,10.1016/j.jembe.2006.11.010,Fucus vesiculosus,10°C Control,29,1.055305052,NA,1,"Data, Figure 3"
Vandendriessche et al. 2007,10.1016/j.jembe.2006.11.010,Fucus vesiculosus,10°C Control,30,1.028986841,NA,1,"Data, Figure 3"
Vandendriessche et al. 2007,10.1016/j.jembe.2006.11.010,Fucus vesiculosus,10°C Control,33,1.018036257,NA,1,"Data, Figure 3"
Vandendriessche et al. 2007,10.1016/j.jembe.2006.11.010,Fucus vesiculosus,10°C Control,34,0.980951505,NA,1,"Data, Figure 3"
Vandendriessche et al. 2007,10.1016/j.jembe.2006.11.010,Fucus vesiculosus,10°C Control,35,0.99411061,NA,1,"Data, Figure 3"
Vandendriessche et al. 2007,10.1016/j.jembe.2006.11.010,Fucus vesiculosus,10°C Control,36,0.971197203,NA,1,"Data, Figure 3"
Vandendriessche et al. 2007,10.1016/j.jembe.2006.11.010,Fucus vesiculosus,10°C Control,37,0.914419803,NA,1,"Data, Figure 3"
Vandendriessche et al. 2007,10.1016/j.jembe.2006.11.010,Fucus vesiculosus,10°C Control,40,0.867764792,NA,1,"Data, Figure 3"
Vandendriessche et al. 2007,10.1016/j.jembe.2006.11.010,Fucus vesiculosus,10°C Control,41,0.853501426,NA,1,"Data, Figure 3"
Vandendriessche et al. 2007,10.1016/j.jembe.2006.11.010,Fucus vesiculosus,10°C Control,42,0.833256649,NA,1,"Data, Figure 3"
Vandendriessche et al. 2007,10.1016/j.jembe.2006.11.010,Fucus vesiculosus,10°C Control,43,0.830588019,NA,1,"Data, Figure 3"
Vandendriessche et al. 2007,10.1016/j.jembe.2006.11.010,Fucus vesiculosus,10°C Control,44,0.757062667,NA,1,"Data, Figure 3"
Vandendriessche et al. 2007,10.1016/j.jembe.2006.11.010,Fucus vesiculosus,10°C Control,47,0.685561793,NA,1,"Data, Figure 3"
Vandendriessche et al. 2007,10.1016/j.jembe.2006.11.010,Fucus vesiculosus,10°C Control,48,0.61682157,NA,1,"Data, Figure 3"
Vandendriessche et al. 2007,10.1016/j.jembe.2006.11.010,Fucus vesiculosus,10°C Control,49,0.396061471,NA,1,"Data, Figure 3"
Vandendriessche et al. 2007,10.1016/j.jembe.2006.11.010,Fucus vesiculosus,10°C Control,50,0.313149903,NA,1,"Data, Figure 3"
Vandendriessche et al. 2007,10.1016/j.jembe.2006.11.010,Fucus vesiculosus,10°C Control,51,0.313333947,NA,1,"Data, Figure 3"
Vandendriessche et al. 2007,10.1016/j.jembe.2006.11.010,Fucus vesiculosus,10°C Control,54,0.26152572,NA,1,"Data, Figure 3"
Vandendriessche et al. 2007,10.1016/j.jembe.2006.11.010,Fucus vesiculosus,10°C Control,55,0.206128646,NA,1,"Data, Figure 3"
Vandendriessche et al. 2007,10.1016/j.jembe.2006.11.010,Fucus vesiculosus,10°C Control,56,0.202815865,NA,1,"Data, Figure 3"
Vandendriessche et al. 2007,10.1016/j.jembe.2006.11.010,Fucus vesiculosus,10°C Control,61,0.180638631,NA,1,"Data, Figure 3"
Vandendriessche et al. 2007,10.1016/j.jembe.2006.11.010,Ascophyllum nodosum,10°C Control,0,1,NA,1,"Data, Figure 3"
Vandendriessche et al. 2007,10.1016/j.jembe.2006.11.010,Ascophyllum nodosum,10°C Control,2,0.932123345,NA,1,"Data, Figure 3"
Vandendriessche et al. 2007,10.1016/j.jembe.2006.11.010,Ascophyllum nodosum,10°C Control,5,0.950180572,NA,1,"Data, Figure 3"
Vandendriessche et al. 2007,10.1016/j.jembe.2006.11.010,Ascophyllum nodosum,10°C Control,6,0.923233633,NA,1,"Data, Figure 3"
Vandendriessche et al. 2007,10.1016/j.jembe.2006.11.010,Ascophyllum nodosum,10°C Control,7,0.926937679,NA,1,"Data, Figure 3"
Vandendriessche et al. 2007,10.1016/j.jembe.2006.11.010,Ascophyllum nodosum,10°C Control,8,0.93573479,NA,1,"Data, Figure 3"
Vandendriessche et al. 2007,10.1016/j.jembe.2006.11.010,Ascophyllum nodosum,10°C Control,12,0.930641726,NA,1,"Data, Figure 3"
Vandendriessche et al. 2007,10.1016/j.jembe.2006.11.010,Ascophyllum nodosum,10°C Control,13,0.937864617,NA,1,"Data, Figure 3"
Vandendriessche et al. 2007,10.1016/j.jembe.2006.11.010,Ascophyllum nodosum,10°C Control,15,0.937586814,NA,1,"Data, Figure 3"
Vandendriessche et al. 2007,10.1016/j.jembe.2006.11.010,Ascophyllum nodosum,10°C Control,16,0.939901843,NA,1,"Data, Figure 3"
Vandendriessche et al. 2007,10.1016/j.jembe.2006.11.010,Ascophyllum nodosum,10°C Control,20,0.92221502,NA,1,"Data, Figure 3"
Vandendriessche et al. 2007,10.1016/j.jembe.2006.11.010,Ascophyllum nodosum,10°C Control,21,0.916381146,NA,1,"Data, Figure 3"
Vandendriessche et al. 2007,10.1016/j.jembe.2006.11.010,Ascophyllum nodosum,10°C Control,22,0.966756181,NA,1,"Data, Figure 3"
Vandendriessche et al. 2007,10.1016/j.jembe.2006.11.010,Ascophyllum nodosum,10°C Control,23,0.970460228,NA,1,"Data, Figure 3"
Vandendriessche et al. 2007,10.1016/j.jembe.2006.11.010,Ascophyllum nodosum,10°C Control,26,0.959255487,NA,1,"Data, Figure 3"
Vandendriessche et al. 2007,10.1016/j.jembe.2006.11.010,Ascophyllum nodosum,10°C Control,27,0.955458839,NA,1,"Data, Figure 3"
Vandendriessche et al. 2007,10.1016/j.jembe.2006.11.010,Ascophyllum nodosum,10°C Control,28,0.967589592,NA,1,"Data, Figure 3"
Vandendriessche et al. 2007,10.1016/j.jembe.2006.11.010,Ascophyllum nodosum,10°C Control,29,0.964070747,NA,1,"Data, Figure 3"
Vandendriessche et al. 2007,10.1016/j.jembe.2006.11.010,Ascophyllum nodosum,10°C Control,30,0.949254561,NA,1,"Data, Figure 3"
Vandendriessche et al. 2007,10.1016/j.jembe.2006.11.010,Ascophyllum nodosum,10°C Control,33,0.954162422,NA,1,"Data, Figure 3"
Vandendriessche et al. 2007,10.1016/j.jembe.2006.11.010,Ascophyllum nodosum,10°C Control,34,0.970089823,NA,1,"Data, Figure 3"
Vandendriessche et al. 2007,10.1016/j.jembe.2006.11.010,Ascophyllum nodosum,10°C Control,35,0.940735253,NA,1,"Data, Figure 3"
Vandendriessche et al. 2007,10.1016/j.jembe.2006.11.010,Ascophyllum nodosum,10°C Control,36,0.912121493,NA,1,"Data, Figure 3"
Vandendriessche et al. 2007,10.1016/j.jembe.2006.11.010,Ascophyllum nodosum,10°C Control,37,0.913140106,NA,1,"Data, Figure 3"
Vandendriessche et al. 2007,10.1016/j.jembe.2006.11.010,Ascophyllum nodosum,10°C Control,40,0.86267247,NA,1,"Data, Figure 3"
Vandendriessche et al. 2007,10.1016/j.jembe.2006.11.010,Ascophyllum nodosum,10°C Control,41,0.900453746,NA,1,"Data, Figure 3"
Vandendriessche et al. 2007,10.1016/j.jembe.2006.11.010,Ascophyllum nodosum,10°C Control,42,0.817297898,NA,1,"Data, Figure 3"
Vandendriessche et al. 2007,10.1016/j.jembe.2006.11.010,Ascophyllum nodosum,10°C Control,43,0.809797203,NA,1,"Data, Figure 3"
Vandendriessche et al. 2007,10.1016/j.jembe.2006.11.010,Ascophyllum nodosum,10°C Control,44,0.812297435,NA,1,"Data, Figure 3"
Vandendriessche et al. 2007,10.1016/j.jembe.2006.11.010,Ascophyllum nodosum,10°C Control,47,0.78016483,NA,1,"Data, Figure 3"
Vandendriessche et al. 2007,10.1016/j.jembe.2006.11.010,Ascophyllum nodosum,10°C Control,48,0.76664506,NA,1,"Data, Figure 3"
Vandendriessche et al. 2007,10.1016/j.jembe.2006.11.010,Ascophyllum nodosum,10°C Control,49,0.763311418,NA,1,"Data, Figure 3"
Vandendriessche et al. 2007,10.1016/j.jembe.2006.11.010,Ascophyllum nodosum,10°C Control,50,0.723678118,NA,1,"Data, Figure 3"
Vandendriessche et al. 2007,10.1016/j.jembe.2006.11.010,Ascophyllum nodosum,10°C Control,51,0.738309103,NA,1,"Data, Figure 3"
Vandendriessche et al. 2007,10.1016/j.jembe.2006.11.010,Ascophyllum nodosum,10°C Control,54,0.662653949,NA,1,"Data, Figure 3"
Vandendriessche et al. 2007,10.1016/j.jembe.2006.11.010,Ascophyllum nodosum,10°C Control,55,0.628113714,NA,1,"Data, Figure 3"
Vandendriessche et al. 2007,10.1016/j.jembe.2006.11.010,Ascophyllum nodosum,10°C Control,56,0.630799148,NA,1,"Data, Figure 3"
Vandendriessche et al. 2007,10.1016/j.jembe.2006.11.010,Ascophyllum nodosum,10°C Control,61,0.621724234,NA,1,"Data, Figure 3"
Vandendriessche et al. 2007,10.1016/j.jembe.2006.11.010,Ascophyllum nodosum,10°C Control,62,0.629317529,NA,1,"Data, Figure 3"
Vandendriessche et al. 2007,10.1016/j.jembe.2006.11.010,Ascophyllum nodosum,10°C Control,63,0.629502732,NA,1,"Data, Figure 3"
Vandendriessche et al. 2007,10.1016/j.jembe.2006.11.010,Ascophyllum nodosum,10°C Control,64,0.63015094,NA,1,"Data, Figure 3"
Vandendriessche et al. 2007,10.1016/j.jembe.2006.11.010,Ascophyllum nodosum,10°C Control,65,0.639966664,NA,1,"Data, Figure 3"
Vandendriessche et al. 2007,10.1016/j.jembe.2006.11.010,Ascophyllum nodosum,10°C Control,69,0.632188166,NA,1,"Data, Figure 3"
Vandendriessche et al. 2007,10.1016/j.jembe.2006.11.010,Ascophyllum nodosum,10°C Control,72,0.604222613,NA,1,"Data, Figure 3"
Vandendriessche et al. 2007,10.1016/j.jembe.2006.11.010,Ascophyllum nodosum,10°C Control,75,0.574034633,NA,1,"Data, Figure 3"
Vandendriessche et al. 2007,10.1016/j.jembe.2006.11.010,Ascophyllum nodosum,10°C Control,76,0.578479489,NA,1,"Data, Figure 3"
Vandendriessche et al. 2007,10.1016/j.jembe.2006.11.010,Ascophyllum nodosum,10°C Control,77,0.569589777,NA,1,"Data, Figure 3"
Vandendriessche et al. 2007,10.1016/j.jembe.2006.11.010,Ascophyllum nodosum,10°C Control,78,0.5634781,NA,1,"Data, Figure 3"
Vandendriessche et al. 2007,10.1016/j.jembe.2006.11.010,Ascophyllum nodosum,10°C Control,79,0.541902028,NA,1,"Data, Figure 3"
Vandendriessche et al. 2007,10.1016/j.jembe.2006.11.010,Ascophyllum nodosum,10°C Control,82,0.555792203,NA,1,"Data, Figure 3"
Vandendriessche et al. 2007,10.1016/j.jembe.2006.11.010,Ascophyllum nodosum,10°C Control,83,0.568941569,NA,1,"Data, Figure 3"
Vandendriessche et al. 2007,10.1016/j.jembe.2006.11.010,Ascophyllum nodosum,10°C Control,84,0.593851283,NA,1,"Data, Figure 3"
Vandendriessche et al. 2007,10.1016/j.jembe.2006.11.010,Ascophyllum nodosum,10°C Control,85,0.58412816,NA,1,"Data, Figure 3"
Vandendriessche et al. 2007,10.1016/j.jembe.2006.11.010,Ascophyllum nodosum,10°C Control,86,0.558477637,NA,1,"Data, Figure 3"
Vandendriessche et al. 2007,10.1016/j.jembe.2006.11.010,Ascophyllum nodosum,10°C Control,89,0.569219372,NA,1,"Data, Figure 3"
Vandendriessche et al. 2007,10.1016/j.jembe.2006.11.010,Ascophyllum nodosum,10°C Control,90,0.573479026,NA,1,"Data, Figure 3"
Vandendriessche et al. 2007,10.1016/j.jembe.2006.11.010,Ascophyllum nodosum,10°C Control,91,0.55236596,NA,1,"Data, Figure 3"
Vandendriessche et al. 2007,10.1016/j.jembe.2006.11.010,Ascophyllum nodosum,10°C Control,106,0.471339939,NA,1,"Data, Figure 3"
Vandendriessche et al. 2007,10.1016/j.jembe.2006.11.010,Ascophyllum nodosum,10°C Control,107,0.533938328,NA,1,"Data, Figure 3"
Vandendriessche et al. 2007,10.1016/j.jembe.2006.11.010,Ascophyllum nodosum,10°C Control,111,0.364941198,NA,1,"Data, Figure 3"
Vandendriessche et al. 2007,10.1016/j.jembe.2006.11.010,Ascophyllum nodosum,10°C Control,113,0.35632929,NA,1,"Data, Figure 3"
Vandendriessche et al. 2007,10.1016/j.jembe.2006.11.010,Ascophyllum nodosum,10°C Control,114,0.375034725,NA,1,"Data, Figure 3"
Vandendriessche et al. 2007,10.1016/j.jembe.2006.11.010,Ascophyllum nodosum,10°C Control,117,0.35632929,NA,1,"Data, Figure 3"
Vandendriessche et al. 2007,10.1016/j.jembe.2006.11.010,Ascophyllum nodosum,10°C Control,118,0.358181313,NA,1,"Data, Figure 3"
Vandendriessche et al. 2007,10.1016/j.jembe.2006.11.010,Ascophyllum nodosum,10°C Control,119,0.376238541,NA,1,"Data, Figure 3"
Vandendriessche et al. 2007,10.1016/j.jembe.2006.11.010,Ascophyllum nodosum,10°C Control,120,0.377349755,NA,1,"Data, Figure 3"
Vandendriessche et al. 2007,10.1016/j.jembe.2006.11.010,Ascophyllum nodosum,10°C Control,121,0.38651727,NA,1,"Data, Figure 3"
Vandendriessche et al. 2007,10.1016/j.jembe.2006.11.010,Ascophyllum nodosum,10°C Control,125,0.435410686,NA,1,"Data, Figure 3"
Vandendriessche et al. 2007,10.1016/j.jembe.2006.11.010,Ascophyllum nodosum,10°C Control,126,0.432910455,NA,1,"Data, Figure 3"
Vandendriessche et al. 2007,10.1016/j.jembe.2006.11.010,Ascophyllum nodosum,10°C Control,127,0.441707566,NA,1,"Data, Figure 3"
Vandendriessche et al. 2007,10.1016/j.jembe.2006.11.010,Ascophyllum nodosum,10°C Control,128,0.393369756,NA,1,"Data, Figure 3"
Vandendriessche et al. 2007,10.1016/j.jembe.2006.11.010,Ascophyllum nodosum,10°C Control,0,1,NA,1,"Data, Figure 3"
Vandendriessche et al. 2007,10.1016/j.jembe.2006.11.010,Ascophyllum nodosum,10°C Control,2,0.95314114,NA,1,"Data, Figure 3"
Vandendriessche et al. 2007,10.1016/j.jembe.2006.11.010,Ascophyllum nodosum,10°C Control,5,0.991642408,NA,1,"Data, Figure 3"
Vandendriessche et al. 2007,10.1016/j.jembe.2006.11.010,Ascophyllum nodosum,10°C Control,6,0.998215795,NA,1,"Data, Figure 3"
Vandendriessche et al. 2007,10.1016/j.jembe.2006.11.010,Ascophyllum nodosum,10°C Control,7,1.002911071,NA,1,"Data, Figure 3"
Vandendriessche et al. 2007,10.1016/j.jembe.2006.11.010,Ascophyllum nodosum,10°C Control,8,1.001314677,NA,1,"Data, Figure 3"
Vandendriessche et al. 2007,10.1016/j.jembe.2006.11.010,Ascophyllum nodosum,10°C Control,12,1.019250634,NA,1,"Data, Figure 3"
Vandendriessche et al. 2007,10.1016/j.jembe.2006.11.010,Ascophyllum nodosum,10°C Control,13,1.025072777,NA,1,"Data, Figure 3"
Vandendriessche et al. 2007,10.1016/j.jembe.2006.11.010,Ascophyllum nodosum,10°C Control,15,1.053244436,NA,1,"Data, Figure 3"
Vandendriessche et al. 2007,10.1016/j.jembe.2006.11.010,Ascophyllum nodosum,10°C Control,16,1.055498169,NA,1,"Data, Figure 3"
Vandendriessche et al. 2007,10.1016/j.jembe.2006.11.010,Ascophyllum nodosum,10°C Control,20,1.092778665,NA,1,"Data, Figure 3"
Vandendriessche et al. 2007,10.1016/j.jembe.2006.11.010,Ascophyllum nodosum,10°C Control,21,1.091839609,NA,1,"Data, Figure 3"
Vandendriessche et al. 2007,10.1016/j.jembe.2006.11.010,Ascophyllum nodosum,10°C Control,22,1.090055404,NA,1,"Data, Figure 3"
Vandendriessche et al. 2007,10.1016/j.jembe.2006.11.010,Ascophyllum nodosum,10°C Control,23,1.05211757,NA,1,"Data, Figure 3"
Vandendriessche et al. 2007,10.1016/j.jembe.2006.11.010,Ascophyllum nodosum,10°C Control,26,1.045356371,NA,1,"Data, Figure 3"
Vandendriessche et al. 2007,10.1016/j.jembe.2006.11.010,Ascophyllum nodosum,10°C Control,27,1.041318434,NA,1,"Data, Figure 3"
Vandendriessche et al. 2007,10.1016/j.jembe.2006.11.010,Ascophyllum nodosum,10°C Control,28,1.063292328,NA,1,"Data, Figure 3"
Vandendriessche et al. 2007,10.1016/j.jembe.2006.11.010,Ascophyllum nodosum,10°C Control,29,1.066015588,NA,1,"Data, Figure 3"
Vandendriessche et al. 2007,10.1016/j.jembe.2006.11.010,Ascophyllum nodosum,10°C Control,30,1.055967696,NA,1,"Data, Figure 3"
Vandendriessche et al. 2007,10.1016/j.jembe.2006.11.010,Ascophyllum nodosum,10°C Control,33,1.068832754,NA,1,"Data, Figure 3"
Vandendriessche et al. 2007,10.1016/j.jembe.2006.11.010,Ascophyllum nodosum,10°C Control,34,1.040097662,NA,1,"Data, Figure 3"
Vandendriessche et al. 2007,10.1016/j.jembe.2006.11.010,Ascophyllum nodosum,10°C Control,35,1.055404263,NA,1,"Data, Figure 3"
Vandendriessche et al. 2007,10.1016/j.jembe.2006.11.010,Ascophyllum nodosum,10°C Control,36,1.038501268,NA,1,"Data, Figure 3"
Vandendriessche et al. 2007,10.1016/j.jembe.2006.11.010,Ascophyllum nodosum,10°C Control,37,1.034087708,NA,1,"Data, Figure 3"
Vandendriessche et al. 2007,10.1016/j.jembe.2006.11.010,Ascophyllum nodosum,10°C Control,40,0.952671612,NA,1,"Data, Figure 3"
Vandendriessche et al. 2007,10.1016/j.jembe.2006.11.010,Ascophyllum nodosum,10°C Control,41,0.869565217,NA,1,"Data, Figure 3"
Vandendriessche et al. 2007,10.1016/j.jembe.2006.11.010,Ascophyllum nodosum,10°C Control,42,0.894356278,NA,1,"Data, Figure 3"
Vandendriessche et al. 2007,10.1016/j.jembe.2006.11.010,Ascophyllum nodosum,10°C Control,43,0.900084515,NA,1,"Data, Figure 3"
Vandendriessche et al. 2007,10.1016/j.jembe.2006.11.010,Ascophyllum nodosum,10°C Control,44,0.882242464,NA,1,"Data, Figure 3"
Vandendriessche et al. 2007,10.1016/j.jembe.2006.11.010,Ascophyllum nodosum,10°C Control,47,0.783735562,NA,1,"Data, Figure 3"
Vandendriessche et al. 2007,10.1016/j.jembe.2006.11.010,Ascophyllum nodosum,10°C Control,48,0.755376092,NA,1,"Data, Figure 3"
Vandendriessche et al. 2007,10.1016/j.jembe.2006.11.010,Ascophyllum nodosum,10°C Control,49,0.720912762,NA,1,"Data, Figure 3"
Vandendriessche et al. 2007,10.1016/j.jembe.2006.11.010,Ascophyllum nodosum,10°C Control,50,0.680063856,NA,1,"Data, Figure 3"
Vandendriessche et al. 2007,10.1016/j.jembe.2006.11.010,Ascophyllum nodosum,10°C Control,51,0.60662973,NA,1,"Data, Figure 3"
Vandendriessche et al. 2007,10.1016/j.jembe.2006.11.010,Ascophyllum nodosum,10°C Control,54,0.570570007,NA,1,"Data, Figure 3"
Vandendriessche et al. 2007,10.1016/j.jembe.2006.11.010,Ascophyllum nodosum,10°C Control,55,0.551507184,NA,1,"Data, Figure 3"
Vandendriessche et al. 2007,10.1016/j.jembe.2006.11.010,Ascophyllum nodosum,10°C Control,56,0.542680064,NA,1,"Data, Figure 3"
Vandendriessche et al. 2007,10.1016/j.jembe.2006.11.010,Ascophyllum nodosum,10°C Control,61,0.526434407,NA,1,"Data, Figure 3"
Vandendriessche et al. 2007,10.1016/j.jembe.2006.11.010,Ascophyllum nodosum,10°C Control,62,0.518358531,NA,1,"Data, Figure 3"
Vandendriessche et al. 2007,10.1016/j.jembe.2006.11.010,Ascophyllum nodosum,10°C Control,63,0.516198704,NA,1,"Data, Figure 3"
Vandendriessche et al. 2007,10.1016/j.jembe.2006.11.010,Ascophyllum nodosum,10°C Control,64,0.512912011,NA,1,"Data, Figure 3"
Vandendriessche et al. 2007,10.1016/j.jembe.2006.11.010,Ascophyllum nodosum,10°C Control,65,0.49694807,NA,1,"Data, Figure 3"
Vandendriessche et al. 2007,10.1016/j.jembe.2006.11.010,Ascophyllum nodosum,10°C Control,69,0.490374683,NA,1,"Data, Figure 3"
Vandendriessche et al. 2007,10.1016/j.jembe.2006.11.010,Ascophyllum nodosum,10°C Control,72,0.473189971,NA,1,"Data, Figure 3"
Vandendriessche et al. 2007,10.1016/j.jembe.2006.11.010,Ascophyllum nodosum,10°C Control,75,0.468682505,NA,1,"Data, Figure 3"
Vandendriessche et al. 2007,10.1016/j.jembe.2006.11.010,Ascophyllum nodosum,10°C Control,76,0.481078035,NA,1,"Data, Figure 3"
Vandendriessche et al. 2007,10.1016/j.jembe.2006.11.010,Ascophyllum nodosum,10°C Control,77,0.368203587,NA,1,"Data, Figure 3"
Vandendriessche et al. 2007,10.1016/j.jembe.2006.11.010,Ascophyllum nodosum,10°C Control,78,0.275612734,NA,1,"Data, Figure 3"
Vandendriessche et al. 2007,10.1016/j.jembe.2006.11.010,Ascophyllum nodosum,10°C Control,79,0.242745798,NA,1,"Data, Figure 3"
Vandendriessche et al. 2007,10.1016/j.jembe.2006.11.010,Ascophyllum nodosum,10°C Control,82,0.313644474,NA,1,"Data, Figure 3"
Vandendriessche et al. 2007,10.1016/j.jembe.2006.11.010,Ascophyllum nodosum,10°C Control,83,0.306038126,NA,1,"Data, Figure 3"
Vandendriessche et al. 2007,10.1016/j.jembe.2006.11.010,Ascophyllum nodosum,10°C Control,84,0.305568598,NA,1,"Data, Figure 3"
Vandendriessche et al. 2007,10.1016/j.jembe.2006.11.010,Ascophyllum nodosum,10°C Control,85,0.318903183,NA,1,"Data, Figure 3"
Vandendriessche et al. 2007,10.1016/j.jembe.2006.11.010,Ascophyllum nodosum,10°C Control,86,0.322377688,NA,1,"Data, Figure 3"
Vandendriessche et al. 2007,10.1016/j.jembe.2006.11.010,Ascophyllum nodosum,10°C Control,89,0.319560522,NA,1,"Data, Figure 3"
Vandendriessche et al. 2007,10.1016/j.jembe.2006.11.010,Ascophyllum nodosum,10°C Control,90,0.317682411,NA,1,"Data, Figure 3"
Vandendriessche et al. 2007,10.1016/j.jembe.2006.11.010,Ascophyllum nodosum,10°C Control,91,0.31833975,NA,1,"Data, Figure 3"
Vandendriessche et al. 2007,10.1016/j.jembe.2006.11.010,Ascophyllum nodosum,10°C Control,106,0.296647573,NA,1,"Data, Figure 3"
Vandendriessche et al. 2007,10.1016/j.jembe.2006.11.010,Ascophyllum nodosum,10°C Control,107,0.3174946,NA,1,"Data, Figure 3"
Vandendriessche et al. 2007,10.1016/j.jembe.2006.11.010,Ascophyllum nodosum,10°C Control,111,0.230913701,NA,1,"Data, Figure 3"
Vandendriessche et al. 2007,10.1016/j.jembe.2006.11.010,Ascophyllum nodosum,10°C Control,113,0.220114565,NA,1,"Data, Figure 3"
Vandendriessche et al. 2007,10.1016/j.jembe.2006.11.010,Ascophyllum nodosum,10°C Control,114,0.215325383,NA,1,"Data, Figure 3"
Vandendriessche et al. 2007,10.1016/j.jembe.2006.11.010,Ascophyllum nodosum,10°C Control,117,0.217109588,NA,1,"Data, Figure 3"
Vandendriessche et al. 2007,10.1016/j.jembe.2006.11.010,Ascophyllum nodosum,10°C Control,118,0.214292422,NA,1,"Data, Figure 3"
Vandendriessche et al. 2007,10.1016/j.jembe.2006.11.010,Ascophyllum nodosum,10°C Control,119,0.212883839,NA,1,"Data, Figure 3"
Vandendriessche et al. 2007,10.1016/j.jembe.2006.11.010,Ascophyllum nodosum,10°C Control,120,0.209409334,NA,1,"Data, Figure 3"
Vandendriessche et al. 2007,10.1016/j.jembe.2006.11.010,Ascophyllum nodosum,10°C Control,121,0.209221523,NA,1,"Data, Figure 3"
Vandendriessche et al. 2007,10.1016/j.jembe.2006.11.010,Ascophyllum nodosum,10°C Control,125,0.220771903,NA,1,"Data, Figure 3"
Vandendriessche et al. 2007,10.1016/j.jembe.2006.11.010,Ascophyllum nodosum,10°C Control,126,0.195980843,NA,1,"Data, Figure 3"
Vandendriessche et al. 2007,10.1016/j.jembe.2006.11.010,Ascophyllum nodosum,10°C Control,127,0.208939807,NA,1,"Data, Figure 3"
Vandendriessche et al. 2007,10.1016/j.jembe.2006.11.010,Ascophyllum nodosum,10°C Control,128,0.20339938,NA,1,"Data, Figure 3"
Vandendriessche et al. 2007,10.1016/j.jembe.2006.11.010,Ascophyllum nodosum,10°C Control,132,0.208094657,NA,1,"Data, Figure 3"
Vandendriessche et al. 2007,10.1016/j.jembe.2006.11.010,Ascophyllum nodosum,10°C Control,135,0.198328482,NA,1,"Data, Figure 3"
Vandendriessche et al. 2007,10.1016/j.jembe.2006.11.010,Ascophyllum nodosum,10°C Control,139,0.203305475,NA,1,"Data, Figure 3"
Vandendriessche et al. 2007,10.1016/j.jembe.2006.11.010,Ascophyllum nodosum,10°C Control,141,0.202460325,NA,1,"Data, Figure 3"
Vandendriessche et al. 2007,10.1016/j.jembe.2006.11.010,Ascophyllum nodosum,10°C Control,142,0.202835947,NA,1,"Data, Figure 3"
Vandendriessche et al. 2007,10.1016/j.jembe.2006.11.010,Ascophyllum nodosum,10°C Control,145,0.203493286,NA,1,"Data, Figure 3"
Vandendriessche et al. 2007,10.1016/j.jembe.2006.11.010,Ascophyllum nodosum,10°C Control,0,1,NA,1,"Data, Figure 3"
Vandendriessche et al. 2007,10.1016/j.jembe.2006.11.010,Ascophyllum nodosum,10°C Control,2,0.907414238,NA,1,"Data, Figure 3"
Vandendriessche et al. 2007,10.1016/j.jembe.2006.11.010,Ascophyllum nodosum,10°C Control,5,0.906860937,NA,1,"Data, Figure 3"
Vandendriessche et al. 2007,10.1016/j.jembe.2006.11.010,Ascophyllum nodosum,10°C Control,6,0.9055699,NA,1,"Data, Figure 3"
Vandendriessche et al. 2007,10.1016/j.jembe.2006.11.010,Ascophyllum nodosum,10°C Control,7,0.891276282,NA,1,"Data, Figure 3"
Vandendriessche et al. 2007,10.1016/j.jembe.2006.11.010,Ascophyllum nodosum,10°C Control,8,0.891276282,NA,1,"Data, Figure 3"
Vandendriessche et al. 2007,10.1016/j.jembe.2006.11.010,Ascophyllum nodosum,10°C Control,12,0.789653264,NA,1,"Data, Figure 3"
Vandendriessche et al. 2007,10.1016/j.jembe.2006.11.010,Ascophyllum nodosum,10°C Control,13,0.77701955,NA,1,"Data, Figure 3"
Vandendriessche et al. 2007,10.1016/j.jembe.2006.11.010,Ascophyllum nodosum,10°C Control,15,0.797030616,NA,1,"Data, Figure 3"
Vandendriessche et al. 2007,10.1016/j.jembe.2006.11.010,Ascophyllum nodosum,10°C Control,16,0.779878274,NA,1,"Data, Figure 3"
Vandendriessche et al. 2007,10.1016/j.jembe.2006.11.010,Ascophyllum nodosum,10°C Control,20,0.879841387,NA,1,"Data, Figure 3"
Vandendriessche et al. 2007,10.1016/j.jembe.2006.11.010,Ascophyllum nodosum,10°C Control,21,0.89339727,NA,1,"Data, Figure 3"
Vandendriessche et al. 2007,10.1016/j.jembe.2006.11.010,Ascophyllum nodosum,10°C Control,22,0.883437846,NA,1,"Data, Figure 3"
Vandendriessche et al. 2007,10.1016/j.jembe.2006.11.010,Ascophyllum nodosum,10°C Control,23,0.872832903,NA,1,"Data, Figure 3"
Vandendriessche et al. 2007,10.1016/j.jembe.2006.11.010,Ascophyllum nodosum,10°C Control,26,0.794171892,NA,1,"Data, Figure 3"
Vandendriessche et al. 2007,10.1016/j.jembe.2006.11.010,Ascophyllum nodosum,10°C Control,27,0.793157506,NA,1,"Data, Figure 3"
Vandendriessche et al. 2007,10.1016/j.jembe.2006.11.010,Ascophyllum nodosum,10°C Control,28,0.804776835,NA,1,"Data, Figure 3"
Vandendriessche et al. 2007,10.1016/j.jembe.2006.11.010,Ascophyllum nodosum,10°C Control,29,0.781814828,NA,1,"Data, Figure 3"
Vandendriessche et al. 2007,10.1016/j.jembe.2006.11.010,Ascophyllum nodosum,10°C Control,30,0.775082995,NA,1,"Data, Figure 3"
Vandendriessche et al. 2007,10.1016/j.jembe.2006.11.010,Ascophyllum nodosum,10°C Control,33,0.792604205,NA,1,"Data, Figure 3"
Vandendriessche et al. 2007,10.1016/j.jembe.2006.11.010,Ascophyllum nodosum,10°C Control,34,0.762264847,NA,1,"Data, Figure 3"
Vandendriessche et al. 2007,10.1016/j.jembe.2006.11.010,Ascophyllum nodosum,10°C Control,35,0.640630764,NA,1,"Data, Figure 3"
Vandendriessche et al. 2007,10.1016/j.jembe.2006.11.010,Ascophyllum nodosum,10°C Control,36,0.55791221,NA,1,"Data, Figure 3"
Vandendriessche et al. 2007,10.1016/j.jembe.2006.11.010,Ascophyllum nodosum,10°C Control,37,0.535134637,NA,1,"Data, Figure 3"
Vandendriessche et al. 2007,10.1016/j.jembe.2006.11.010,Ascophyllum nodosum,10°C Grazed,0,1,NA,1,"Data, Figure 3"
Vandendriessche et al. 2007,10.1016/j.jembe.2006.11.010,Ascophyllum nodosum,10°C Grazed,2,0.880304578,NA,1,"Data, Figure 3"
Vandendriessche et al. 2007,10.1016/j.jembe.2006.11.010,Ascophyllum nodosum,10°C Grazed,5,0.832760702,NA,1,"Data, Figure 3"
Vandendriessche et al. 2007,10.1016/j.jembe.2006.11.010,Ascophyllum nodosum,10°C Grazed,6,0.641842325,NA,1,"Data, Figure 3"
Vandendriessche et al. 2007,10.1016/j.jembe.2006.11.010,Ascophyllum nodosum,10°C Grazed,7,0.566533569,NA,1,"Data, Figure 3"
Vandendriessche et al. 2007,10.1016/j.jembe.2006.11.010,Ascophyllum nodosum,10°C Grazed,8,0.566533569,NA,1,"Data, Figure 3"
Vandendriessche et al. 2007,10.1016/j.jembe.2006.11.010,Ascophyllum nodosum,10°C Grazed,12,0.204290092,NA,1,"Data, Figure 3"
Vandendriessche et al. 2007,10.1016/j.jembe.2006.11.010,Ascophyllum nodosum,10°C Grazed,13,0.079858854,NA,1,"Data, Figure 3"
Vandendriessche et al. 2007,10.1016/j.jembe.2006.11.010,Ascophyllum nodosum,10°C Grazed,15,0.057944099,NA,1,"Data, Figure 3"
Vandendriessche et al. 2007,10.1016/j.jembe.2006.11.010,Ascophyllum nodosum,10°C Grazed,16,0.048101031,NA,1,"Data, Figure 3"
Vandendriessche et al. 2007,10.1016/j.jembe.2006.11.010,Ascophyllum nodosum,10°C Grazed,20,0.028786331,NA,1,"Data, Figure 3"
Vandendriessche et al. 2007,10.1016/j.jembe.2006.11.010,Ascophyllum nodosum,10°C Grazed,21,0.028414895,NA,1,"Data, Figure 3"
Vandendriessche et al. 2007,10.1016/j.jembe.2006.11.010,Ascophyllum nodosum,10°C Grazed,0,1,NA,1,"Data, Figure 3"
Vandendriessche et al. 2007,10.1016/j.jembe.2006.11.010,Ascophyllum nodosum,10°C Grazed,2,0.901168359,NA,1,"Data, Figure 3"
Vandendriessche et al. 2007,10.1016/j.jembe.2006.11.010,Ascophyllum nodosum,10°C Grazed,5,0.900210688,NA,1,"Data, Figure 3"
Vandendriessche et al. 2007,10.1016/j.jembe.2006.11.010,Ascophyllum nodosum,10°C Grazed,6,0.896380004,NA,1,"Data, Figure 3"
Vandendriessche et al. 2007,10.1016/j.jembe.2006.11.010,Ascophyllum nodosum,10°C Grazed,7,0.744493392,NA,1,"Data, Figure 3"
Vandendriessche et al. 2007,10.1016/j.jembe.2006.11.010,Ascophyllum nodosum,10°C Grazed,8,0.744493392,NA,1,"Data, Figure 3"
Vandendriessche et al. 2007,10.1016/j.jembe.2006.11.010,Ascophyllum nodosum,10°C Grazed,12,0.605248037,NA,1,"Data, Figure 3"
Vandendriessche et al. 2007,10.1016/j.jembe.2006.11.010,Ascophyllum nodosum,10°C Grazed,13,0.602853859,NA,1,"Data, Figure 3"
Vandendriessche et al. 2007,10.1016/j.jembe.2006.11.010,Ascophyllum nodosum,10°C Grazed,15,0.533518483,NA,1,"Data, Figure 3"
Vandendriessche et al. 2007,10.1016/j.jembe.2006.11.010,Ascophyllum nodosum,10°C Grazed,16,0.478835472,NA,1,"Data, Figure 3"
Vandendriessche et al. 2007,10.1016/j.jembe.2006.11.010,Ascophyllum nodosum,10°C Grazed,20,0.368416012,NA,1,"Data, Figure 3"
Vandendriessche et al. 2007,10.1016/j.jembe.2006.11.010,Ascophyllum nodosum,10°C Grazed,21,0.355008619,NA,1,"Data, Figure 3"
Vandendriessche et al. 2007,10.1016/j.jembe.2006.11.010,Ascophyllum nodosum,10°C Grazed,22,0.149013599,NA,1,"Data, Figure 3"
Vandendriessche et al. 2007,10.1016/j.jembe.2006.11.010,Ascophyllum nodosum,10°C Grazed,23,0.151312009,NA,1,"Data, Figure 3"
Vandendriessche et al. 2007,10.1016/j.jembe.2006.11.010,Ascophyllum nodosum,10°C Grazed,26,0.120666539,NA,1,"Data, Figure 3"
Vandendriessche et al. 2007,10.1016/j.jembe.2006.11.010,Ascophyllum nodosum,10°C Grazed,27,0.116452787,NA,1,"Data, Figure 3"
Vandendriessche et al. 2007,10.1016/j.jembe.2006.11.010,Ascophyllum nodosum,10°C Grazed,28,0.068377705,NA,1,"Data, Figure 3"
Vandendriessche et al. 2007,10.1016/j.jembe.2006.11.010,Ascophyllum nodosum,10°C Grazed,29,0.059184064,NA,1,"Data, Figure 3"
Vandendriessche et al. 2007,10.1016/j.jembe.2006.11.010,Ascophyllum nodosum,10°C Grazed,30,0.042233289,NA,1,"Data, Figure 3"
Vandendriessche et al. 2007,10.1016/j.jembe.2006.11.010,Ascophyllum nodosum,10°C Grazed,33,0,NA,1,"Data, Figure 3"
Vandendriessche et al. 2007,10.1016/j.jembe.2006.11.010,Ascophyllum nodosum,10°C Grazed,0,1,NA,1,"Data, Figure 3"
Vandendriessche et al. 2007,10.1016/j.jembe.2006.11.010,Ascophyllum nodosum,10°C Grazed,2,0.90607682,NA,1,"Data, Figure 3"
Vandendriessche et al. 2007,10.1016/j.jembe.2006.11.010,Ascophyllum nodosum,10°C Grazed,5,0.876170457,NA,1,"Data, Figure 3"
Vandendriessche et al. 2007,10.1016/j.jembe.2006.11.010,Ascophyllum nodosum,10°C Grazed,6,0.856105484,NA,1,"Data, Figure 3"
Vandendriessche et al. 2007,10.1016/j.jembe.2006.11.010,Ascophyllum nodosum,10°C Grazed,7,0.731989299,NA,1,"Data, Figure 3"
Vandendriessche et al. 2007,10.1016/j.jembe.2006.11.010,Ascophyllum nodosum,10°C Grazed,8,0.731989299,NA,1,"Data, Figure 3"
Vandendriessche et al. 2007,10.1016/j.jembe.2006.11.010,Ascophyllum nodosum,10°C Grazed,12,0.629180203,NA,1,"Data, Figure 3"
Vandendriessche et al. 2007,10.1016/j.jembe.2006.11.010,Ascophyllum nodosum,10°C Grazed,13,0.603573476,NA,1,"Data, Figure 3"
Vandendriessche et al. 2007,10.1016/j.jembe.2006.11.010,Ascophyllum nodosum,10°C Grazed,15,0.388400535,NA,1,"Data, Figure 3"
Vandendriessche et al. 2007,10.1016/j.jembe.2006.11.010,Ascophyllum nodosum,10°C Grazed,16,0.381043379,NA,1,"Data, Figure 3"
Vandendriessche et al. 2007,10.1016/j.jembe.2006.11.010,Ascophyllum nodosum,10°C Grazed,20,0.345021976,NA,1,"Data, Figure 3"
Vandendriessche et al. 2007,10.1016/j.jembe.2006.11.010,Ascophyllum nodosum,10°C Grazed,21,0.297630422,NA,1,"Data, Figure 3"
Vandendriessche et al. 2007,10.1016/j.jembe.2006.11.010,Ascophyllum nodosum,10°C Grazed,22,0.244983757,NA,1,"Data, Figure 3"
Vandendriessche et al. 2007,10.1016/j.jembe.2006.11.010,Ascophyllum nodosum,10°C Grazed,23,0.150869482,NA,1,"Data, Figure 3"
Vandendriessche et al. 2007,10.1016/j.jembe.2006.11.010,Ascophyllum nodosum,10°C Grazed,26,0.141219186,NA,1,"Data, Figure 3"
Vandendriessche et al. 2007,10.1016/j.jembe.2006.11.010,Ascophyllum nodosum,10°C Grazed,27,0.134721957,NA,1,"Data, Figure 3"
Vandendriessche et al. 2007,10.1016/j.jembe.2006.11.010,Ascophyllum nodosum,10°C Grazed,28,0.134626409,NA,1,"Data, Figure 3"
Vandendriessche et al. 2007,10.1016/j.jembe.2006.11.010,Ascophyllum nodosum,10°C Grazed,29,0.13004013,NA,1,"Data, Figure 3"
Vandendriessche et al. 2007,10.1016/j.jembe.2006.11.010,Ascophyllum nodosum,10°C Grazed,30,0.116663482,NA,1,"Data, Figure 3"
Vandendriessche et al. 2007,10.1016/j.jembe.2006.11.010,Ascophyllum nodosum,10°C Grazed,33,0.117905599,NA,1,"Data, Figure 3"
Vandendriessche et al. 2007,10.1016/j.jembe.2006.11.010,Ascophyllum nodosum,10°C Grazed,34,0.106535448,NA,1,"Data, Figure 3"
Vandendriessche et al. 2007,10.1016/j.jembe.2006.11.010,Ascophyllum nodosum,10°C Grazed,35,0.103669024,NA,1,"Data, Figure 3"
Vandendriessche et al. 2007,10.1016/j.jembe.2006.11.010,Ascophyllum nodosum,10°C Grazed,36,0.096598509,NA,1,"Data, Figure 3"
Vandendriessche et al. 2007,10.1016/j.jembe.2006.11.010,Ascophyllum nodosum,10°C Grazed,37,0.0931588,NA,1,"Data, Figure 3"
Vandendriessche et al. 2007,10.1016/j.jembe.2006.11.010,Ascophyllum nodosum,10°C Grazed,40,0.066596599,NA,1,"Data, Figure 3"
Vandendriessche et al. 2007,10.1016/j.jembe.2006.11.010,Fucus vesiculosus,15°C Control,0,1,NA,1,"Data, Figure 3"
Vandendriessche et al. 2007,10.1016/j.jembe.2006.11.010,Fucus vesiculosus,15°C Control,2,0.928420242,NA,1,"Data, Figure 3"
Vandendriessche et al. 2007,10.1016/j.jembe.2006.11.010,Fucus vesiculosus,15°C Control,5,0.905618626,NA,1,"Data, Figure 3"
Vandendriessche et al. 2007,10.1016/j.jembe.2006.11.010,Fucus vesiculosus,15°C Control,6,0.899942274,NA,1,"Data, Figure 3"
Vandendriessche et al. 2007,10.1016/j.jembe.2006.11.010,Fucus vesiculosus,15°C Control,7,0.889070618,NA,1,"Data, Figure 3"
Vandendriessche et al. 2007,10.1016/j.jembe.2006.11.010,Fucus vesiculosus,15°C Control,8,0.87531268,NA,1,"Data, Figure 3"
Vandendriessche et al. 2007,10.1016/j.jembe.2006.11.010,Fucus vesiculosus,15°C Control,12,0.875793727,NA,1,"Data, Figure 3"
Vandendriessche et al. 2007,10.1016/j.jembe.2006.11.010,Fucus vesiculosus,15°C Control,13,0.875986146,NA,1,"Data, Figure 3"
Vandendriessche et al. 2007,10.1016/j.jembe.2006.11.010,Fucus vesiculosus,15°C Control,16,0.989994227,NA,1,"Data, Figure 3"
Vandendriessche et al. 2007,10.1016/j.jembe.2006.11.010,Fucus vesiculosus,15°C Control,20,0.982297479,NA,1,"Data, Figure 3"
Vandendriessche et al. 2007,10.1016/j.jembe.2006.11.010,Fucus vesiculosus,15°C Control,21,0.968635751,NA,1,"Data, Figure 3"
Vandendriessche et al. 2007,10.1016/j.jembe.2006.11.010,Fucus vesiculosus,15°C Control,22,0.953146046,NA,1,"Data, Figure 3"
Vandendriessche et al. 2007,10.1016/j.jembe.2006.11.010,Fucus vesiculosus,15°C Control,23,0.958533769,NA,1,"Data, Figure 3"
Vandendriessche et al. 2007,10.1016/j.jembe.2006.11.010,Fucus vesiculosus,15°C Control,26,0.967962286,NA,1,"Data, Figure 3"
Vandendriessche et al. 2007,10.1016/j.jembe.2006.11.010,Fucus vesiculosus,15°C Control,27,0.943332692,NA,1,"Data, Figure 3"
Vandendriessche et al. 2007,10.1016/j.jembe.2006.11.010,Fucus vesiculosus,15°C Control,28,0.963055609,NA,1,"Data, Figure 3"
Vandendriessche et al. 2007,10.1016/j.jembe.2006.11.010,Fucus vesiculosus,15°C Control,29,0.992110833,NA,1,"Data, Figure 3"
Vandendriessche et al. 2007,10.1016/j.jembe.2006.11.010,Fucus vesiculosus,15°C Control,30,0.957090629,NA,1,"Data, Figure 3"
Vandendriessche et al. 2007,10.1016/j.jembe.2006.11.010,Fucus vesiculosus,15°C Control,33,0.927458149,NA,1,"Data, Figure 3"
Vandendriessche et al. 2007,10.1016/j.jembe.2006.11.010,Fucus vesiculosus,15°C Control,34,0.885991918,NA,1,"Data, Figure 3"
Vandendriessche et al. 2007,10.1016/j.jembe.2006.11.010,Fucus vesiculosus,15°C Grazed,0,1,NA,1,"Data, Figure 3"
Vandendriessche et al. 2007,10.1016/j.jembe.2006.11.010,Fucus vesiculosus,15°C Grazed,2,0.873842593,NA,1,"Data, Figure 3"
Vandendriessche et al. 2007,10.1016/j.jembe.2006.11.010,Fucus vesiculosus,15°C Grazed,5,0.802469136,NA,1,"Data, Figure 3"
Vandendriessche et al. 2007,10.1016/j.jembe.2006.11.010,Fucus vesiculosus,15°C Grazed,0,1,NA,1,"Data, Figure 3"
Vandendriessche et al. 2007,10.1016/j.jembe.2006.11.010,Fucus vesiculosus,15°C Grazed,1,0.915636904,NA,1,"Data, Figure 3"
Vandendriessche et al. 2007,10.1016/j.jembe.2006.11.010,Fucus vesiculosus,15°C Grazed,2,0.876707238,NA,1,"Data, Figure 3"
Vandendriessche et al. 2007,10.1016/j.jembe.2006.11.010,Fucus vesiculosus,15°C Grazed,3,0.876149772,NA,1,"Data, Figure 3"
Vandendriessche et al. 2007,10.1016/j.jembe.2006.11.010,Fucus vesiculosus,15°C Grazed,7,0.790671746,NA,1,"Data, Figure 3"
Vandendriessche et al. 2007,10.1016/j.jembe.2006.11.010,Fucus vesiculosus,15°C Grazed,8,0.747932733,NA,1,"Data, Figure 3"
Vandendriessche et al. 2007,10.1016/j.jembe.2006.11.010,Fucus vesiculosus,15°C Grazed,11,0.666635696,NA,1,"Data, Figure 3"
Vandendriessche et al. 2007,10.1016/j.jembe.2006.11.010,Fucus vesiculosus,15°C Grazed,15,0.273343863,NA,1,"Data, Figure 3"
Vandendriessche et al. 2007,10.1016/j.jembe.2006.11.010,Fucus vesiculosus,15°C Grazed,0,1,NA,1,"Data, Figure 3"
Vandendriessche et al. 2007,10.1016/j.jembe.2006.11.010,Fucus vesiculosus,15°C Grazed,2,0.825019186,NA,1,"Data, Figure 3"
Vandendriessche et al. 2007,10.1016/j.jembe.2006.11.010,Fucus vesiculosus,15°C Grazed,5,0.685917114,NA,1,"Data, Figure 3"
Vandendriessche et al. 2007,10.1016/j.jembe.2006.11.010,Fucus vesiculosus,15°C Grazed,0,1,NA,1,"Data, Figure 3"
Vandendriessche et al. 2007,10.1016/j.jembe.2006.11.010,Fucus vesiculosus,15°C Grazed,1,0.833027523,NA,1,"Data, Figure 3"
Vandendriessche et al. 2007,10.1016/j.jembe.2006.11.010,Fucus vesiculosus,15°C Grazed,2,0.82293578,NA,1,"Data, Figure 3"
Vandendriessche et al. 2007,10.1016/j.jembe.2006.11.010,Fucus vesiculosus,15°C Grazed,3,0.807247706,NA,1,"Data, Figure 3"
Vandendriessche et al. 2007,10.1016/j.jembe.2006.11.010,Fucus vesiculosus,15°C Grazed,7,0.75440367,NA,1,"Data, Figure 3"
Vandendriessche et al. 2007,10.1016/j.jembe.2006.11.010,Fucus vesiculosus,15°C Grazed,8,0.725963303,NA,1,"Data, Figure 3"
Vandendriessche et al. 2007,10.1016/j.jembe.2006.11.010,Fucus vesiculosus,15°C Grazed,11,0.49587156,NA,1,"Data, Figure 3"
Vandendriessche et al. 2007,10.1016/j.jembe.2006.11.010,Fucus vesiculosus,15°C Grazed,15,0.339633028,NA,1,"Data, Figure 3"
Vandendriessche et al. 2007,10.1016/j.jembe.2006.11.010,Fucus vesiculosus,15°C Control,0,1,NA,1,"Data, Figure 3"
Vandendriessche et al. 2007,10.1016/j.jembe.2006.11.010,Fucus vesiculosus,15°C Control,2,0.975222993,NA,1,"Data, Figure 3"
Vandendriessche et al. 2007,10.1016/j.jembe.2006.11.010,Fucus vesiculosus,15°C Control,5,0.966798811,NA,1,"Data, Figure 3"
Vandendriessche et al. 2007,10.1016/j.jembe.2006.11.010,Fucus vesiculosus,15°C Control,6,0.949454906,NA,1,"Data, Figure 3"
Vandendriessche et al. 2007,10.1016/j.jembe.2006.11.010,Fucus vesiculosus,15°C Control,7,0.947076313,NA,1,"Data, Figure 3"
Vandendriessche et al. 2007,10.1016/j.jembe.2006.11.010,Fucus vesiculosus,15°C Control,8,0.946878097,NA,1,"Data, Figure 3"
Vandendriessche et al. 2007,10.1016/j.jembe.2006.11.010,Fucus vesiculosus,15°C Control,12,0.955401388,NA,1,"Data, Figure 3"
Vandendriessche et al. 2007,10.1016/j.jembe.2006.11.010,Fucus vesiculosus,15°C Control,13,0.966303271,NA,1,"Data, Figure 3"
Vandendriessche et al. 2007,10.1016/j.jembe.2006.11.010,Fucus vesiculosus,15°C Control,16,1.003567889,NA,1,"Data, Figure 3"
Vandendriessche et al. 2007,10.1016/j.jembe.2006.11.010,Fucus vesiculosus,15°C Control,20,1.021902874,NA,1,"Data, Figure 3"
Vandendriessche et al. 2007,10.1016/j.jembe.2006.11.010,Fucus vesiculosus,15°C Control,21,1.004261645,NA,1,"Data, Figure 3"
Vandendriessche et al. 2007,10.1016/j.jembe.2006.11.010,Fucus vesiculosus,15°C Control,22,1.011100099,NA,1,"Data, Figure 3"
Vandendriessche et al. 2007,10.1016/j.jembe.2006.11.010,Fucus vesiculosus,15°C Control,0,1,NA,1,"Data, Figure 3"
Vandendriessche et al. 2007,10.1016/j.jembe.2006.11.010,Fucus vesiculosus,15°C Control,2,0.990319458,NA,1,"Data, Figure 3"
Vandendriessche et al. 2007,10.1016/j.jembe.2006.11.010,Fucus vesiculosus,15°C Control,5,0.987415295,NA,1,"Data, Figure 3"
Vandendriessche et al. 2007,10.1016/j.jembe.2006.11.010,Fucus vesiculosus,15°C Control,6,1.006776379,NA,1,"Data, Figure 3"
Vandendriessche et al. 2007,10.1016/j.jembe.2006.11.010,Fucus vesiculosus,15°C Control,7,1.028170378,NA,1,"Data, Figure 3"
Vandendriessche et al. 2007,10.1016/j.jembe.2006.11.010,Fucus vesiculosus,15°C Control,8,1.079380445,NA,1,"Data, Figure 3"
Vandendriessche et al. 2007,10.1016/j.jembe.2006.11.010,Fucus vesiculosus,15°C Control,12,1.05053243,NA,1,"Data, Figure 3"
Vandendriessche et al. 2007,10.1016/j.jembe.2006.11.010,Fucus vesiculosus,15°C Control,13,1.048693127,NA,1,"Data, Figure 3"
Vandendriessche et al. 2007,10.1016/j.jembe.2006.11.010,Fucus vesiculosus,15°C Control,16,1.106098742,NA,1,"Data, Figure 3"
Vandendriessche et al. 2007,10.1016/j.jembe.2006.11.010,Fucus vesiculosus,15°C Control,20,1.07124879,NA,1,"Data, Figure 3"
Vandendriessche et al. 2007,10.1016/j.jembe.2006.11.010,Fucus vesiculosus,15°C Control,21,1.083059051,NA,1,"Data, Figure 3"
Vandendriessche et al. 2007,10.1016/j.jembe.2006.11.010,Fucus vesiculosus,15°C Control,22,1.079380445,NA,1,"Data, Figure 3"
Vandendriessche et al. 2007,10.1016/j.jembe.2006.11.010,Fucus vesiculosus,15°C Control,23,1.007357212,NA,1,"Data, Figure 3"
Vandendriessche et al. 2007,10.1016/j.jembe.2006.11.010,Fucus vesiculosus,15°C Control,26,1.01268151,NA,1,"Data, Figure 3"
Vandendriessche et al. 2007,10.1016/j.jembe.2006.11.010,Fucus vesiculosus,15°C Control,27,1.020813166,NA,1,"Data, Figure 3"
Vandendriessche et al. 2007,10.1016/j.jembe.2006.11.010,Fucus vesiculosus,15°C Control,28,0.976766699,NA,1,"Data, Figure 3"
Vandendriessche et al. 2007,10.1016/j.jembe.2006.11.010,Fucus vesiculosus,15°C Control,29,1.001839303,NA,1,"Data, Figure 3"
Vandendriessche et al. 2007,10.1016/j.jembe.2006.11.010,Fucus vesiculosus,15°C Control,30,0.97589545,NA,1,"Data, Figure 3"
Vandendriessche et al. 2007,10.1016/j.jembe.2006.11.010,Fucus vesiculosus,15°C Control,33,0.916940949,NA,1,"Data, Figure 3"
Vandendriessche et al. 2007,10.1016/j.jembe.2006.11.010,Fucus vesiculosus,15°C Control,34,0.903194579,NA,1,"Data, Figure 3"
Vandendriessche et al. 2007,10.1016/j.jembe.2006.11.010,Fucus vesiculosus,15°C Control,35,0.869796709,NA,1,"Data, Figure 3"
Vandendriessche et al. 2007,10.1016/j.jembe.2006.11.010,Fucus vesiculosus,15°C Control,36,0.836592449,NA,1,"Data, Figure 3"
Vandendriessche et al. 2007,10.1016/j.jembe.2006.11.010,Fucus vesiculosus,15°C Control,37,0.819361084,NA,1,"Data, Figure 3"
Vandendriessche et al. 2007,10.1016/j.jembe.2006.11.010,Fucus vesiculosus,15°C Control,40,0.717521781,NA,1,"Data, Figure 3"
Vandendriessche et al. 2007,10.1016/j.jembe.2006.11.010,Fucus vesiculosus,15°C Control,41,0.774443369,NA,1,"Data, Figure 3"
Vandendriessche et al. 2007,10.1016/j.jembe.2006.11.010,Fucus vesiculosus,15°C Control,42,0.77124879,NA,1,"Data, Figure 3"
Vandendriessche et al. 2007,10.1016/j.jembe.2006.11.010,Fucus vesiculosus,15°C Control,43,0.766795741,NA,1,"Data, Figure 3"
Vandendriessche et al. 2007,10.1016/j.jembe.2006.11.010,Fucus vesiculosus,15°C Control,44,0.770571152,NA,1,"Data, Figure 3"
Vandendriessche et al. 2007,10.1016/j.jembe.2006.11.010,Fucus vesiculosus,15°C Control,47,0.777347531,NA,1,"Data, Figure 3"
Vandendriessche et al. 2007,10.1016/j.jembe.2006.11.010,Fucus vesiculosus,15°C Control,48,0.761665053,NA,1,"Data, Figure 3"
Vandendriessche et al. 2007,10.1016/j.jembe.2006.11.010,Fucus vesiculosus,15°C Control,49,0.76089061,NA,1,"Data, Figure 3"
Vandendriessche et al. 2007,10.1016/j.jembe.2006.11.010,Fucus vesiculosus,15°C Control,50,0.762245886,NA,1,"Data, Figure 3"
Vandendriessche et al. 2007,10.1016/j.jembe.2006.11.010,Fucus vesiculosus,15°C Control,51,0.781026137,NA,1,"Data, Figure 3"
Vandendriessche et al. 2007,10.1016/j.jembe.2006.11.010,Fucus vesiculosus,15°C Control,54,0.760406583,NA,1,"Data, Figure 3"
Vandendriessche et al. 2007,10.1016/j.jembe.2006.11.010,Fucus vesiculosus,15°C Control,55,0.754598258,NA,1,"Data, Figure 3"
Vandendriessche et al. 2007,10.1016/j.jembe.2006.11.010,Fucus vesiculosus,15°C Control,56,0.674830591,NA,1,"Data, Figure 3"
Vandendriessche et al. 2007,10.1016/j.jembe.2006.11.010,Fucus vesiculosus,15°C Control,61,0.58054211,NA,1,"Data, Figure 3"
Vandendriessche et al. 2007,10.1016/j.jembe.2006.11.010,Fucus vesiculosus,15°C Control,62,0.576476283,NA,1,"Data, Figure 3"
Vandendriessche et al. 2007,10.1016/j.jembe.2006.11.010,Fucus vesiculosus,15°C Control,63,0.577831559,NA,1,"Data, Figure 3"
Vandendriessche et al. 2007,10.1016/j.jembe.2006.11.010,Fucus vesiculosus,15°C Control,64,0.575701839,NA,1,"Data, Figure 3"
Vandendriessche et al. 2007,10.1016/j.jembe.2006.11.010,Fucus vesiculosus,15°C Control,65,0.555759923,NA,1,"Data, Figure 3"
Vandendriessche et al. 2007,10.1016/j.jembe.2006.11.010,Fucus vesiculosus,15°C Control,69,0.511326234,NA,1,"Data, Figure 3"
Vandendriessche et al. 2007,10.1016/j.jembe.2006.11.010,Fucus vesiculosus,15°C Control,72,0.334946757,NA,1,"Data, Figure 3"
Vandendriessche et al. 2007,10.1016/j.jembe.2006.11.010,Fucus vesiculosus,15°C Control,75,0.170087125,NA,1,"Data, Figure 3"
Vandendriessche et al. 2007,10.1016/j.jembe.2006.11.010,Fucus vesiculosus,15°C Control,76,0.175701839,NA,1,"Data, Figure 3"
Vandendriessche et al. 2007,10.1016/j.jembe.2006.11.010,Fucus vesiculosus,15°C Grazed,0,1,NA,1,"Data, Figure 3"
Vandendriessche et al. 2007,10.1016/j.jembe.2006.11.010,Fucus vesiculosus,15°C Grazed,2,0.8787937,NA,1,"Data, Figure 3"
Vandendriessche et al. 2007,10.1016/j.jembe.2006.11.010,Fucus vesiculosus,15°C Grazed,5,0.813004226,NA,1,"Data, Figure 3"
Vandendriessche et al. 2007,10.1016/j.jembe.2006.11.010,Fucus vesiculosus,15°C Grazed,6,0.521321552,NA,1,"Data, Figure 3"
Vandendriessche et al. 2007,10.1016/j.jembe.2006.11.010,Fucus vesiculosus,15°C Grazed,7,0.426238955,NA,1,"Data, Figure 3"
Vandendriessche et al. 2007,10.1016/j.jembe.2006.11.010,Fucus vesiculosus,15°C Grazed,8,0.219919324,NA,1,"Data, Figure 3"
Vandendriessche et al. 2007,10.1016/j.jembe.2006.11.010,Fucus vesiculosus,15°C Grazed,12,0.206492509,NA,1,"Data, Figure 3"
Vandendriessche et al. 2007,10.1016/j.jembe.2006.11.010,Fucus vesiculosus,15°C Grazed,13,0.203611218,NA,1,"Data, Figure 3"
Vandendriessche et al. 2007,10.1016/j.jembe.2006.11.010,Fucus vesiculosus,15°C Grazed,16,0.160872071,NA,1,"Data, Figure 3"
Vandendriessche et al. 2007,10.1016/j.jembe.2006.11.010,Fucus vesiculosus,15°C Grazed,20,0.011717249,NA,1,"Data, Figure 3"
Vandendriessche et al. 2007,10.1016/j.jembe.2006.11.010,Ascophyllum nodosum,15°C Control,0,1,NA,1,"Data, Figure 3"
Vandendriessche et al. 2007,10.1016/j.jembe.2006.11.010,Ascophyllum nodosum,15°C Control,2,0.927699201,NA,1,"Data, Figure 3"
Vandendriessche et al. 2007,10.1016/j.jembe.2006.11.010,Ascophyllum nodosum,15°C Control,5,0.922428182,NA,1,"Data, Figure 3"
Vandendriessche et al. 2007,10.1016/j.jembe.2006.11.010,Ascophyllum nodosum,15°C Control,6,0.950540279,NA,1,"Data, Figure 3"
Vandendriessche et al. 2007,10.1016/j.jembe.2006.11.010,Ascophyllum nodosum,15°C Control,7,0.950540279,NA,1,"Data, Figure 3"
Vandendriessche et al. 2007,10.1016/j.jembe.2006.11.010,Ascophyllum nodosum,15°C Control,8,0.950276728,NA,1,"Data, Figure 3"
Vandendriessche et al. 2007,10.1016/j.jembe.2006.11.010,Ascophyllum nodosum,15°C Control,12,0.949398225,NA,1,"Data, Figure 3"
Vandendriessche et al. 2007,10.1016/j.jembe.2006.11.010,Ascophyllum nodosum,15°C Control,13,0.949222525,NA,1,"Data, Figure 3"
Vandendriessche et al. 2007,10.1016/j.jembe.2006.11.010,Ascophyllum nodosum,15°C Control,16,0.979267328,NA,1,"Data, Figure 3"
Vandendriessche et al. 2007,10.1016/j.jembe.2006.11.010,Ascophyllum nodosum,15°C Control,20,1.018097162,NA,1,"Data, Figure 3"
Vandendriessche et al. 2007,10.1016/j.jembe.2006.11.010,Ascophyllum nodosum,15°C Control,21,1.032592462,NA,1,"Data, Figure 3"
Vandendriessche et al. 2007,10.1016/j.jembe.2006.11.010,Ascophyllum nodosum,15°C Control,22,0.930686111,NA,1,"Data, Figure 3"
Vandendriessche et al. 2007,10.1016/j.jembe.2006.11.010,Ascophyllum nodosum,15°C Control,23,0.969779496,NA,1,"Data, Figure 3"
Vandendriessche et al. 2007,10.1016/j.jembe.2006.11.010,Ascophyllum nodosum,15°C Control,26,0.984186945,NA,1,"Data, Figure 3"
Vandendriessche et al. 2007,10.1016/j.jembe.2006.11.010,Ascophyllum nodosum,15°C Control,27,0.888078714,NA,1,"Data, Figure 3"
Vandendriessche et al. 2007,10.1016/j.jembe.2006.11.010,Ascophyllum nodosum,15°C Control,28,0.899762804,NA,1,"Data, Figure 3"
Vandendriessche et al. 2007,10.1016/j.jembe.2006.11.010,Ascophyllum nodosum,15°C Control,29,0.860405868,NA,1,"Data, Figure 3"
Vandendriessche et al. 2007,10.1016/j.jembe.2006.11.010,Ascophyllum nodosum,15°C Control,30,0.782219099,NA,1,"Data, Figure 3"
Vandendriessche et al. 2007,10.1016/j.jembe.2006.11.010,Ascophyllum nodosum,15°C Control,33,0.787929368,NA,1,"Data, Figure 3"
Vandendriessche et al. 2007,10.1016/j.jembe.2006.11.010,Ascophyllum nodosum,15°C Control,34,0.787929368,NA,1,"Data, Figure 3"
Vandendriessche et al. 2007,10.1016/j.jembe.2006.11.010,Ascophyllum nodosum,15°C Control,35,0.790389177,NA,1,"Data, Figure 3"
Vandendriessche et al. 2007,10.1016/j.jembe.2006.11.010,Ascophyllum nodosum,15°C Control,36,0.760520074,NA,1,"Data, Figure 3"
Vandendriessche et al. 2007,10.1016/j.jembe.2006.11.010,Ascophyllum nodosum,15°C Control,37,0.770447158,NA,1,"Data, Figure 3"
Vandendriessche et al. 2007,10.1016/j.jembe.2006.11.010,Ascophyllum nodosum,15°C Control,40,0.706755688,NA,1,"Data, Figure 3"
Vandendriessche et al. 2007,10.1016/j.jembe.2006.11.010,Ascophyllum nodosum,15°C Control,41,0.596767109,NA,1,"Data, Figure 3"
Vandendriessche et al. 2007,10.1016/j.jembe.2006.11.010,Ascophyllum nodosum,15°C Control,42,0.546253185,NA,1,"Data, Figure 3"
Vandendriessche et al. 2007,10.1016/j.jembe.2006.11.010,Ascophyllum nodosum,15°C Control,43,0.49565141,NA,1,"Data, Figure 3"
Vandendriessche et al. 2007,10.1016/j.jembe.2006.11.010,Ascophyllum nodosum,15°C Control,44,0.459105684,NA,1,"Data, Figure 3"
Vandendriessche et al. 2007,10.1016/j.jembe.2006.11.010,Ascophyllum nodosum,15°C Control,47,0.295967671,NA,1,"Data, Figure 3"
Vandendriessche et al. 2007,10.1016/j.jembe.2006.11.010,Ascophyllum nodosum,15°C Control,48,0.268206975,NA,1,"Data, Figure 3"
Vandendriessche et al. 2007,10.1016/j.jembe.2006.11.010,Ascophyllum nodosum,15°C Control,49,0.258367741,NA,1,"Data, Figure 3"
Vandendriessche et al. 2007,10.1016/j.jembe.2006.11.010,Ascophyllum nodosum,15°C Control,50,0.215584644,NA,1,"Data, Figure 3"
Vandendriessche et al. 2007,10.1016/j.jembe.2006.11.010,Ascophyllum nodosum,15°C Control,51,0.216199596,NA,1,"Data, Figure 3"
Vandendriessche et al. 2007,10.1016/j.jembe.2006.11.010,Ascophyllum nodosum,15°C Control,54,0.222349117,NA,1,"Data, Figure 3"
Vandendriessche et al. 2007,10.1016/j.jembe.2006.11.010,Ascophyllum nodosum,15°C Control,55,0.209171572,NA,1,"Data, Figure 3"
Vandendriessche et al. 2007,10.1016/j.jembe.2006.11.010,Ascophyllum nodosum,15°C Control,56,0.20864447,NA,1,"Data, Figure 3"
Vandendriessche et al. 2007,10.1016/j.jembe.2006.11.010,Ascophyllum nodosum,15°C Control,61,0.21154353,NA,1,"Data, Figure 3"
Vandendriessche et al. 2007,10.1016/j.jembe.2006.11.010,Ascophyllum nodosum,15°C Control,62,0.212070632,NA,1,"Data, Figure 3"
Vandendriessche et al. 2007,10.1016/j.jembe.2006.11.010,Ascophyllum nodosum,15°C Control,63,0.209698673,NA,1,"Data, Figure 3"
Vandendriessche et al. 2007,10.1016/j.jembe.2006.11.010,Ascophyllum nodosum,15°C Control,64,0.205394009,NA,1,"Data, Figure 3"
Vandendriessche et al. 2007,10.1016/j.jembe.2006.11.010,Ascophyllum nodosum,15°C Control,65,0.195027673,NA,1,"Data, Figure 3"
Vandendriessche et al. 2007,10.1016/j.jembe.2006.11.010,Ascophyllum nodosum,15°C Control,69,0.190635158,NA,1,"Data, Figure 3"
Vandendriessche et al. 2007,10.1016/j.jembe.2006.11.010,Ascophyllum nodosum,15°C Control,72,0.173504349,NA,1,"Data, Figure 3"
Vandendriessche et al. 2007,10.1016/j.jembe.2006.11.010,Ascophyllum nodosum,15°C Control,75,0.131775455,NA,1,"Data, Figure 3"
Vandendriessche et al. 2007,10.1016/j.jembe.2006.11.010,Ascophyllum nodosum,15°C Control,76,0.126855838,NA,1,"Data, Figure 3"
Vandendriessche et al. 2007,10.1016/j.jembe.2006.11.010,Ascophyllum nodosum,15°C Control,77,0.123868927,NA,1,"Data, Figure 3"
Vandendriessche et al. 2007,10.1016/j.jembe.2006.11.010,Ascophyllum nodosum,15°C Control,78,0.118246508,NA,1,"Data, Figure 3"
Vandendriessche et al. 2007,10.1016/j.jembe.2006.11.010,Ascophyllum nodosum,15°C Control,79,0.109022226,NA,1,"Data, Figure 3"
Vandendriessche et al. 2007,10.1016/j.jembe.2006.11.010,Ascophyllum nodosum,15°C Control,82,0.096196082,NA,1,"Data, Figure 3"
Vandendriessche et al. 2007,10.1016/j.jembe.2006.11.010,Ascophyllum nodosum,15°C Control,0,1,NA,1,"Data, Figure 3"
Vandendriessche et al. 2007,10.1016/j.jembe.2006.11.010,Ascophyllum nodosum,15°C Control,2,0.931579915,NA,1,"Data, Figure 3"
Vandendriessche et al. 2007,10.1016/j.jembe.2006.11.010,Ascophyllum nodosum,15°C Control,5,0.928821041,NA,1,"Data, Figure 3"
Vandendriessche et al. 2007,10.1016/j.jembe.2006.11.010,Ascophyllum nodosum,15°C Control,6,0.920084605,NA,1,"Data, Figure 3"
Vandendriessche et al. 2007,10.1016/j.jembe.2006.11.010,Ascophyllum nodosum,15°C Control,7,0.87612654,NA,1,"Data, Figure 3"
Vandendriessche et al. 2007,10.1016/j.jembe.2006.11.010,Ascophyllum nodosum,15°C Control,8,0.86647048,NA,1,"Data, Figure 3"
Vandendriessche et al. 2007,10.1016/j.jembe.2006.11.010,Ascophyllum nodosum,15°C Control,12,0.829685488,NA,1,"Data, Figure 3"
Vandendriessche et al. 2007,10.1016/j.jembe.2006.11.010,Ascophyllum nodosum,15°C Control,13,0.801728895,NA,1,"Data, Figure 3"
Vandendriessche et al. 2007,10.1016/j.jembe.2006.11.010,Ascophyllum nodosum,15°C Control,16,0.774691926,NA,1,"Data, Figure 3"
Vandendriessche et al. 2007,10.1016/j.jembe.2006.11.010,Ascophyllum nodosum,15°C Control,20,0.765035865,NA,1,"Data, Figure 3"
Vandendriessche et al. 2007,10.1016/j.jembe.2006.11.010,Ascophyllum nodosum,15°C Control,21,0.624333272,NA,1,"Data, Figure 3"
Vandendriessche et al. 2007,10.1016/j.jembe.2006.11.010,Ascophyllum nodosum,15°C Control,22,0.628379621,NA,1,"Data, Figure 3"
Vandendriessche et al. 2007,10.1016/j.jembe.2006.11.010,Ascophyllum nodosum,15°C Control,23,0.594997241,NA,1,"Data, Figure 3"
Vandendriessche et al. 2007,10.1016/j.jembe.2006.11.010,Ascophyllum nodosum,15°C Control,26,0.559775612,NA,1,"Data, Figure 3"
Vandendriessche et al. 2007,10.1016/j.jembe.2006.11.010,Ascophyllum nodosum,15°C Control,0,1,NA,1,"Data, Figure 3"
Vandendriessche et al. 2007,10.1016/j.jembe.2006.11.010,Ascophyllum nodosum,15°C Control,2,0.911824154,NA,1,"Data, Figure 3"
Vandendriessche et al. 2007,10.1016/j.jembe.2006.11.010,Ascophyllum nodosum,15°C Control,5,0.892706754,NA,1,"Data, Figure 3"
Vandendriessche et al. 2007,10.1016/j.jembe.2006.11.010,Ascophyllum nodosum,15°C Control,6,0.892706754,NA,1,"Data, Figure 3"
Vandendriessche et al. 2007,10.1016/j.jembe.2006.11.010,Ascophyllum nodosum,15°C Control,7,0.892538319,NA,1,"Data, Figure 3"
Vandendriessche et al. 2007,10.1016/j.jembe.2006.11.010,Ascophyllum nodosum,15°C Control,8,0.890180226,NA,1,"Data, Figure 3"
Vandendriessche et al. 2007,10.1016/j.jembe.2006.11.010,Ascophyllum nodosum,15°C Control,12,0.890432879,NA,1,"Data, Figure 3"
Vandendriessche et al. 2007,10.1016/j.jembe.2006.11.010,Ascophyllum nodosum,15°C Control,13,0.890180226,NA,1,"Data, Figure 3"
Vandendriessche et al. 2007,10.1016/j.jembe.2006.11.010,Ascophyllum nodosum,15°C Control,16,0.877884453,NA,1,"Data, Figure 3"
Vandendriessche et al. 2007,10.1016/j.jembe.2006.11.010,Ascophyllum nodosum,15°C Control,20,0.822806131,NA,1,"Data, Figure 3"
Vandendriessche et al. 2007,10.1016/j.jembe.2006.11.010,Ascophyllum nodosum,15°C Control,21,0.788276908,NA,1,"Data, Figure 3"
Vandendriessche et al. 2007,10.1016/j.jembe.2006.11.010,Ascophyllum nodosum,15°C Control,22,0.707512212,NA,1,"Data, Figure 3"
Vandendriessche et al. 2007,10.1016/j.jembe.2006.11.010,Ascophyllum nodosum,15°C Control,23,0.686120936,NA,1,"Data, Figure 3"
Vandendriessche et al. 2007,10.1016/j.jembe.2006.11.010,Ascophyllum nodosum,15°C Control,26,0.563331649,NA,1,"Data, Figure 3"
Vandendriessche et al. 2007,10.1016/j.jembe.2006.11.010,Ascophyllum nodosum,15°C Control,27,0.548762001,NA,1,"Data, Figure 3"
Vandendriessche et al. 2007,10.1016/j.jembe.2006.11.010,Ascophyllum nodosum,15°C Control,28,0.541519286,NA,1,"Data, Figure 3"
Vandendriessche et al. 2007,10.1016/j.jembe.2006.11.010,Ascophyllum nodosum,15°C Control,29,0.556257369,NA,1,"Data, Figure 3"
Vandendriessche et al. 2007,10.1016/j.jembe.2006.11.010,Ascophyllum nodosum,15°C Control,30,0.53360283,NA,1,"Data, Figure 3"
Vandendriessche et al. 2007,10.1016/j.jembe.2006.11.010,Ascophyllum nodosum,15°C Control,33,0.521896581,NA,1,"Data, Figure 3"
Vandendriessche et al. 2007,10.1016/j.jembe.2006.11.010,Ascophyllum nodosum,15°C Control,34,0.50741115,NA,1,"Data, Figure 3"
Vandendriessche et al. 2007,10.1016/j.jembe.2006.11.010,Ascophyllum nodosum,15°C Control,35,0.475071585,NA,1,"Data, Figure 3"
Vandendriessche et al. 2007,10.1016/j.jembe.2006.11.010,Ascophyllum nodosum,15°C Control,36,0.459154455,NA,1,"Data, Figure 3"
Vandendriessche et al. 2007,10.1016/j.jembe.2006.11.010,Ascophyllum nodosum,15°C Control,37,0.458228061,NA,1,"Data, Figure 3"
Vandendriessche et al. 2007,10.1016/j.jembe.2006.11.010,Ascophyllum nodosum,15°C Control,40,0.438184268,NA,1,"Data, Figure 3"
Vandendriessche et al. 2007,10.1016/j.jembe.2006.11.010,Ascophyllum nodosum,15°C Control,41,0.436247263,NA,1,"Data, Figure 3"
Vandendriessche et al. 2007,10.1016/j.jembe.2006.11.010,Ascophyllum nodosum,15°C Control,42,0.430520465,NA,1,"Data, Figure 3"
Vandendriessche et al. 2007,10.1016/j.jembe.2006.11.010,Ascophyllum nodosum,15°C Control,43,0.418224693,NA,1,"Data, Figure 3"
Vandendriessche et al. 2007,10.1016/j.jembe.2006.11.010,Ascophyllum nodosum,15°C Control,44,0.425214755,NA,1,"Data, Figure 3"
Vandendriessche et al. 2007,10.1016/j.jembe.2006.11.010,Ascophyllum nodosum,15°C Control,47,0.424709449,NA,1,"Data, Figure 3"
Vandendriessche et al. 2007,10.1016/j.jembe.2006.11.010,Ascophyllum nodosum,15°C Control,48,0.422182921,NA,1,"Data, Figure 3"
Vandendriessche et al. 2007,10.1016/j.jembe.2006.11.010,Ascophyllum nodosum,15°C Control,49,0.425298973,NA,1,"Data, Figure 3"
Vandendriessche et al. 2007,10.1016/j.jembe.2006.11.010,Ascophyllum nodosum,15°C Control,50,0.422267138,NA,1,"Data, Figure 3"
Vandendriessche et al. 2007,10.1016/j.jembe.2006.11.010,Ascophyllum nodosum,15°C Control,51,0.420414351,NA,1,"Data, Figure 3"
Vandendriessche et al. 2007,10.1016/j.jembe.2006.11.010,Ascophyllum nodosum,15°C Control,54,0.426562237,NA,1,"Data, Figure 3"
Vandendriessche et al. 2007,10.1016/j.jembe.2006.11.010,Ascophyllum nodosum,15°C Control,55,0.419487957,NA,1,"Data, Figure 3"
Vandendriessche et al. 2007,10.1016/j.jembe.2006.11.010,Ascophyllum nodosum,15°C Control,56,0.422267138,NA,1,"Data, Figure 3"
Vandendriessche et al. 2007,10.1016/j.jembe.2006.11.010,Ascophyllum nodosum,15°C Control,61,0.420667004,NA,1,"Data, Figure 3"
Vandendriessche et al. 2007,10.1016/j.jembe.2006.11.010,Ascophyllum nodosum,15°C Control,62,0.422688226,NA,1,"Data, Figure 3"
Vandendriessche et al. 2007,10.1016/j.jembe.2006.11.010,Ascophyllum nodosum,15°C Control,63,0.422351356,NA,1,"Data, Figure 3"
Vandendriessche et al. 2007,10.1016/j.jembe.2006.11.010,Ascophyllum nodosum,15°C Control,64,0.419151086,NA,1,"Data, Figure 3"
Vandendriessche et al. 2007,10.1016/j.jembe.2006.11.010,Ascophyllum nodosum,15°C Control,65,0.418645781,NA,1,"Data, Figure 3"
Vandendriessche et al. 2007,10.1016/j.jembe.2006.11.010,Ascophyllum nodosum,15°C Control,69,0.420245915,NA,1,"Data, Figure 3"
Vandendriessche et al. 2007,10.1016/j.jembe.2006.11.010,Ascophyllum nodosum,15°C Control,72,0.421593397,NA,1,"Data, Figure 3"
Vandendriessche et al. 2007,10.1016/j.jembe.2006.11.010,Ascophyllum nodosum,15°C Control,75,0.423530403,NA,1,"Data, Figure 3"
Vandendriessche et al. 2007,10.1016/j.jembe.2006.11.010,Ascophyllum nodosum,15°C Control,76,0.425467408,NA,1,"Data, Figure 3"
Vandendriessche et al. 2007,10.1016/j.jembe.2006.11.010,Ascophyllum nodosum,15°C Control,77,0.425720061,NA,1,"Data, Figure 3"
Vandendriessche et al. 2007,10.1016/j.jembe.2006.11.010,Ascophyllum nodosum,15°C Control,78,0.425804278,NA,1,"Data, Figure 3"
Vandendriessche et al. 2007,10.1016/j.jembe.2006.11.010,Ascophyllum nodosum,15°C Control,79,0.423109314,NA,1,"Data, Figure 3"
Vandendriessche et al. 2007,10.1016/j.jembe.2006.11.010,Ascophyllum nodosum,15°C Control,82,0.42715176,NA,1,"Data, Figure 3"
Vandendriessche et al. 2007,10.1016/j.jembe.2006.11.010,Ascophyllum nodosum,15°C Control,83,0.424541014,NA,1,"Data, Figure 3"
Vandendriessche et al. 2007,10.1016/j.jembe.2006.11.010,Ascophyllum nodosum,15°C Control,84,0.425720061,NA,1,"Data, Figure 3"
Vandendriessche et al. 2007,10.1016/j.jembe.2006.11.010,Ascophyllum nodosum,15°C Control,85,0.406013138,NA,1,"Data, Figure 3"
Vandendriessche et al. 2007,10.1016/j.jembe.2006.11.010,Ascophyllum nodosum,15°C Control,86,0.409718713,NA,1,"Data, Figure 3"
Vandendriessche et al. 2007,10.1016/j.jembe.2006.11.010,Ascophyllum nodosum,15°C Grazed,0,1,NA,1,"Data, Figure 3"
Vandendriessche et al. 2007,10.1016/j.jembe.2006.11.010,Ascophyllum nodosum,15°C Grazed,2,0.785800689,NA,1,"Data, Figure 3"
Vandendriessche et al. 2007,10.1016/j.jembe.2006.11.010,Ascophyllum nodosum,15°C Grazed,5,0.729505909,NA,1,"Data, Figure 3"
Vandendriessche et al. 2007,10.1016/j.jembe.2006.11.010,Ascophyllum nodosum,15°C Grazed,6,0.482925468,NA,1,"Data, Figure 3"
Vandendriessche et al. 2007,10.1016/j.jembe.2006.11.010,Ascophyllum nodosum,15°C Grazed,7,0.382990602,NA,1,"Data, Figure 3"
Vandendriessche et al. 2007,10.1016/j.jembe.2006.11.010,Ascophyllum nodosum,15°C Grazed,8,0.372196892,NA,1,"Data, Figure 3"
Vandendriessche et al. 2007,10.1016/j.jembe.2006.11.010,Ascophyllum nodosum,15°C Grazed,12,0.274495208,NA,1,"Data, Figure 3"
Vandendriessche et al. 2007,10.1016/j.jembe.2006.11.010,Ascophyllum nodosum,15°C Grazed,13,0.310412208,NA,1,"Data, Figure 3"
Vandendriessche et al. 2007,10.1016/j.jembe.2006.11.010,Ascophyllum nodosum,15°C Grazed,16,0.312831488,NA,1,"Data, Figure 3"
Vandendriessche et al. 2007,10.1016/j.jembe.2006.11.010,Ascophyllum nodosum,15°C Grazed,20,0.265655532,NA,1,"Data, Figure 3"
Vandendriessche et al. 2007,10.1016/j.jembe.2006.11.010,Ascophyllum nodosum,15°C Grazed,21,0.221643249,NA,1,"Data, Figure 3"
Vandendriessche et al. 2007,10.1016/j.jembe.2006.11.010,Ascophyllum nodosum,15°C Grazed,22,0.19279799,NA,1,"Data, Figure 3"
Vandendriessche et al. 2007,10.1016/j.jembe.2006.11.010,Ascophyllum nodosum,15°C Grazed,23,0.176700475,NA,1,"Data, Figure 3"
Vandendriessche et al. 2007,10.1016/j.jembe.2006.11.010,Ascophyllum nodosum,15°C Grazed,26,0.133246487,NA,1,"Data, Figure 3"
Vandendriessche et al. 2007,10.1016/j.jembe.2006.11.010,Ascophyllum nodosum,15°C Grazed,0,1,NA,1,"Data, Figure 3"
Vandendriessche et al. 2007,10.1016/j.jembe.2006.11.010,Ascophyllum nodosum,15°C Grazed,2,0.748604466,NA,1,"Data, Figure 3"
Vandendriessche et al. 2007,10.1016/j.jembe.2006.11.010,Ascophyllum nodosum,15°C Grazed,5,0.715709729,NA,1,"Data, Figure 3"
Vandendriessche et al. 2007,10.1016/j.jembe.2006.11.010,Ascophyllum nodosum,15°C Grazed,0,1,NA,1,"Data, Figure 3"
Vandendriessche et al. 2007,10.1016/j.jembe.2006.11.010,Ascophyllum nodosum,15°C Grazed,1,0.875919118,NA,1,"Data, Figure 3"
Vandendriessche et al. 2007,10.1016/j.jembe.2006.11.010,Ascophyllum nodosum,15°C Grazed,2,0.819301471,NA,1,"Data, Figure 3"
Vandendriessche et al. 2007,10.1016/j.jembe.2006.11.010,Ascophyllum nodosum,15°C Grazed,3,0.757352941,NA,1,"Data, Figure 3"
Vandendriessche et al. 2007,10.1016/j.jembe.2006.11.010,Ascophyllum nodosum,15°C Grazed,7,0.724264706,NA,1,"Data, Figure 3"
Vandendriessche et al. 2007,10.1016/j.jembe.2006.11.010,Ascophyllum nodosum,15°C Grazed,8,0.700367647,NA,1,"Data, Figure 3"
Vandendriessche et al. 2007,10.1016/j.jembe.2006.11.010,Ascophyllum nodosum,15°C Grazed,11,0.568933824,NA,1,"Data, Figure 3"
Vandendriessche et al. 2007,10.1016/j.jembe.2006.11.010,Ascophyllum nodosum,15°C Grazed,15,0.488327206,NA,1,"Data, Figure 3"
Vandendriessche et al. 2007,10.1016/j.jembe.2006.11.010,Ascophyllum nodosum,15°C Grazed,16,0.470404412,NA,1,"Data, Figure 3"
Vandendriessche et al. 2007,10.1016/j.jembe.2006.11.010,Ascophyllum nodosum,15°C Grazed,17,0.435386029,NA,1,"Data, Figure 3"
Vandendriessche et al. 2007,10.1016/j.jembe.2006.11.010,Ascophyllum nodosum,15°C Grazed,18,0.417830882,NA,1,"Data, Figure 3"
Vandendriessche et al. 2007,10.1016/j.jembe.2006.11.010,Ascophyllum nodosum,15°C Grazed,21,0.354319853,NA,1,"Data, Figure 3"
Vandendriessche et al. 2007,10.1016/j.jembe.2006.11.010,Ascophyllum nodosum,15°C Grazed,22,0.328308824,NA,1,"Data, Figure 3"
Vandendriessche et al. 2007,10.1016/j.jembe.2006.11.010,Ascophyllum nodosum,15°C Grazed,23,0.286121324,NA,1,"Data, Figure 3"
Vandendriessche et al. 2007,10.1016/j.jembe.2006.11.010,Ascophyllum nodosum,15°C Grazed,24,0.281985294,NA,1,"Data, Figure 3"
Vandendriessche et al. 2007,10.1016/j.jembe.2006.11.010,Ascophyllum nodosum,15°C Grazed,25,0.272977941,NA,1,"Data, Figure 3"
Vandendriessche et al. 2007,10.1016/j.jembe.2006.11.010,Ascophyllum nodosum,15°C Grazed,28,0.094577206,NA,1,"Data, Figure 3"
Vandendriessche et al. 2007,10.1016/j.jembe.2006.11.010,Ascophyllum nodosum,15°C Grazed,29,0.078952206,NA,1,"Data, Figure 3"
Vandendriessche et al. 2007,10.1016/j.jembe.2006.11.010,Ascophyllum nodosum,15°C Grazed,30,0.075,NA,1,"Data, Figure 3"
Vandendriessche et al. 2007,10.1016/j.jembe.2006.11.010,Ascophyllum nodosum,15°C Grazed,31,0.042647059,NA,1,"Data, Figure 3"
Vandendriessche et al. 2007,10.1016/j.jembe.2006.11.010,Ascophyllum nodosum,15°C Grazed,0,1,NA,1,"Data, Figure 3"
Vandendriessche et al. 2007,10.1016/j.jembe.2006.11.010,Ascophyllum nodosum,15°C Grazed,2,0.757824006,NA,1,"Data, Figure 3"
Vandendriessche et al. 2007,10.1016/j.jembe.2006.11.010,Ascophyllum nodosum,15°C Grazed,5,0.678387334,NA,1,"Data, Figure 3"
Vandendriessche et al. 2007,10.1016/j.jembe.2006.11.010,Ascophyllum nodosum,15°C Grazed,6,0.615335052,NA,1,"Data, Figure 3"
Vandendriessche et al. 2007,10.1016/j.jembe.2006.11.010,Ascophyllum nodosum,15°C Grazed,7,0.587352725,NA,1,"Data, Figure 3"
Vandendriessche et al. 2007,10.1016/j.jembe.2006.11.010,Ascophyllum nodosum,15°C Grazed,8,0.555044183,NA,1,"Data, Figure 3"
Vandendriessche et al. 2007,10.1016/j.jembe.2006.11.010,Ascophyllum nodosum,15°C Grazed,12,0.390279823,NA,1,"Data, Figure 3"
Vandendriessche et al. 2007,10.1016/j.jembe.2006.11.010,Ascophyllum nodosum,15°C Grazed,13,0.262334315,NA,1,"Data, Figure 3"
Vandendriessche et al. 2007,10.1016/j.jembe.2006.11.010,Ascophyllum nodosum,15°C Grazed,16,0.262334315,NA,1,"Data, Figure 3"
Vandendriessche et al. 2007,10.1016/j.jembe.2006.11.010,Ascophyllum nodosum,15°C Grazed,20,0.204252577,NA,1,"Data, Figure 3"
Vandendriessche et al. 2007,10.1016/j.jembe.2006.11.010,Ascophyllum nodosum,15°C Grazed,21,0.137978645,NA,1,"Data, Figure 3"
Vandendriessche et al. 2007,10.1016/j.jembe.2006.11.010,Ascophyllum nodosum,15°C Grazed,22,0.111745214,NA,1,"Data, Figure 3"
Vandendriessche et al. 2007,10.1016/j.jembe.2006.11.010,Fucus vesiculosus,18°C Control,0,1,NA,1,"Data, Figure 3"
Vandendriessche et al. 2007,10.1016/j.jembe.2006.11.010,Fucus vesiculosus,18°C Control,2,0.892360176,NA,1,"Data, Figure 3"
Vandendriessche et al. 2007,10.1016/j.jembe.2006.11.010,Fucus vesiculosus,18°C Control,5,0.843971631,NA,1,"Data, Figure 3"
Vandendriessche et al. 2007,10.1016/j.jembe.2006.11.010,Fucus vesiculosus,18°C Control,6,0.833288446,NA,1,"Data, Figure 3"
Vandendriessche et al. 2007,10.1016/j.jembe.2006.11.010,Fucus vesiculosus,18°C Control,7,0.82682467,NA,1,"Data, Figure 3"
Vandendriessche et al. 2007,10.1016/j.jembe.2006.11.010,Fucus vesiculosus,18°C Control,8,0.795044438,NA,1,"Data, Figure 3"
Vandendriessche et al. 2007,10.1016/j.jembe.2006.11.010,Fucus vesiculosus,18°C Control,12,0.847472843,NA,1,"Data, Figure 3"
Vandendriessche et al. 2007,10.1016/j.jembe.2006.11.010,Fucus vesiculosus,18°C Control,13,0.846485322,NA,1,"Data, Figure 3"
Vandendriessche et al. 2007,10.1016/j.jembe.2006.11.010,Fucus vesiculosus,18°C Control,15,0.912110602,NA,1,"Data, Figure 3"
Vandendriessche et al. 2007,10.1016/j.jembe.2006.11.010,Fucus vesiculosus,18°C Control,16,0.885986175,NA,1,"Data, Figure 3"
Vandendriessche et al. 2007,10.1016/j.jembe.2006.11.010,Fucus vesiculosus,18°C Control,20,0.907083221,NA,1,"Data, Figure 3"
Vandendriessche et al. 2007,10.1016/j.jembe.2006.11.010,Fucus vesiculosus,18°C Control,21,0.894424993,NA,1,"Data, Figure 3"
Vandendriessche et al. 2007,10.1016/j.jembe.2006.11.010,Fucus vesiculosus,18°C Control,22,0.866505072,NA,1,"Data, Figure 3"
Vandendriessche et al. 2007,10.1016/j.jembe.2006.11.010,Fucus vesiculosus,18°C Control,23,0.862824311,NA,1,"Data, Figure 3"
Vandendriessche et al. 2007,10.1016/j.jembe.2006.11.010,Fucus vesiculosus,18°C Control,26,0.819732471,NA,1,"Data, Figure 3"
Vandendriessche et al. 2007,10.1016/j.jembe.2006.11.010,Fucus vesiculosus,18°C Control,27,0.792710297,NA,1,"Data, Figure 3"
Vandendriessche et al. 2007,10.1016/j.jembe.2006.11.010,Fucus vesiculosus,18°C Control,28,0.774845139,NA,1,"Data, Figure 3"
Vandendriessche et al. 2007,10.1016/j.jembe.2006.11.010,Fucus vesiculosus,18°C Control,29,0.699344645,NA,1,"Data, Figure 3"
Vandendriessche et al. 2007,10.1016/j.jembe.2006.11.010,Fucus vesiculosus,18°C Control,30,0.668372385,NA,1,"Data, Figure 3"
Vandendriessche et al. 2007,10.1016/j.jembe.2006.11.010,Fucus vesiculosus,18°C Control,33,0.599245893,NA,1,"Data, Figure 3"
Vandendriessche et al. 2007,10.1016/j.jembe.2006.11.010,Fucus vesiculosus,18°C Control,34,0.550049376,NA,1,"Data, Figure 3"
Vandendriessche et al. 2007,10.1016/j.jembe.2006.11.010,Fucus vesiculosus,18°C Control,35,0.523206751,NA,1,"Data, Figure 3"
Vandendriessche et al. 2007,10.1016/j.jembe.2006.11.010,Fucus vesiculosus,18°C Control,36,0.501032409,NA,1,"Data, Figure 3"
Vandendriessche et al. 2007,10.1016/j.jembe.2006.11.010,Fucus vesiculosus,18°C Control,37,0.505072269,NA,1,"Data, Figure 3"
Vandendriessche et al. 2007,10.1016/j.jembe.2006.11.010,Fucus vesiculosus,18°C Control,40,0.462070204,NA,1,"Data, Figure 3"
Vandendriessche et al. 2007,10.1016/j.jembe.2006.11.010,Fucus vesiculosus,18°C Control,41,0.432893437,NA,1,"Data, Figure 3"
Vandendriessche et al. 2007,10.1016/j.jembe.2006.11.010,Fucus vesiculosus,18°C Control,0,1,NA,1,"Data, Figure 3"
Vandendriessche et al. 2007,10.1016/j.jembe.2006.11.010,Fucus vesiculosus,18°C Control,2,0.899974286,NA,1,"Data, Figure 3"
Vandendriessche et al. 2007,10.1016/j.jembe.2006.11.010,Fucus vesiculosus,18°C Control,5,0.848975744,NA,1,"Data, Figure 3"
Vandendriessche et al. 2007,10.1016/j.jembe.2006.11.010,Fucus vesiculosus,18°C Control,6,0.848975744,NA,1,"Data, Figure 3"
Vandendriessche et al. 2007,10.1016/j.jembe.2006.11.010,Fucus vesiculosus,18°C Control,7,0.83483329,NA,1,"Data, Figure 3"
Vandendriessche et al. 2007,10.1016/j.jembe.2006.11.010,Fucus vesiculosus,18°C Control,8,0.83483329,NA,1,"Data, Figure 3"
Vandendriessche et al. 2007,10.1016/j.jembe.2006.11.010,Fucus vesiculosus,18°C Control,12,0.834576155,NA,1,"Data, Figure 3"
Vandendriessche et al. 2007,10.1016/j.jembe.2006.11.010,Fucus vesiculosus,18°C Control,13,0.833976172,NA,1,"Data, Figure 3"
Vandendriessche et al. 2007,10.1016/j.jembe.2006.11.010,Fucus vesiculosus,18°C Control,15,0.884631868,NA,1,"Data, Figure 3"
Vandendriessche et al. 2007,10.1016/j.jembe.2006.11.010,Fucus vesiculosus,18°C Control,16,0.860975401,NA,1,"Data, Figure 3"
Vandendriessche et al. 2007,10.1016/j.jembe.2006.11.010,Fucus vesiculosus,18°C Control,20,0.864575298,NA,1,"Data, Figure 3"
Vandendriessche et al. 2007,10.1016/j.jembe.2006.11.010,Fucus vesiculosus,18°C Control,21,0.900488557,NA,1,"Data, Figure 3"
Vandendriessche et al. 2007,10.1016/j.jembe.2006.11.010,Fucus vesiculosus,18°C Control,22,0.862003943,NA,1,"Data, Figure 3"
Vandendriessche et al. 2007,10.1016/j.jembe.2006.11.010,Fucus vesiculosus,18°C Control,23,0.880003428,NA,1,"Data, Figure 3"
Vandendriessche et al. 2007,10.1016/j.jembe.2006.11.010,Fucus vesiculosus,18°C Control,26,0.863632468,NA,1,"Data, Figure 3"
Vandendriessche et al. 2007,10.1016/j.jembe.2006.11.010,Fucus vesiculosus,18°C Control,27,0.856689809,NA,1,"Data, Figure 3"
Vandendriessche et al. 2007,10.1016/j.jembe.2006.11.010,Fucus vesiculosus,18°C Control,28,0.889346019,NA,1,"Data, Figure 3"
Vandendriessche et al. 2007,10.1016/j.jembe.2006.11.010,Fucus vesiculosus,18°C Control,29,0.885403274,NA,1,"Data, Figure 3"
Vandendriessche et al. 2007,10.1016/j.jembe.2006.11.010,Fucus vesiculosus,18°C Control,0,1,NA,1,"Data, Figure 3"
Vandendriessche et al. 2007,10.1016/j.jembe.2006.11.010,Fucus vesiculosus,18°C Control,2,0.886853265,NA,1,"Data, Figure 3"
Vandendriessche et al. 2007,10.1016/j.jembe.2006.11.010,Fucus vesiculosus,18°C Control,5,0.870229008,NA,1,"Data, Figure 3"
Vandendriessche et al. 2007,10.1016/j.jembe.2006.11.010,Fucus vesiculosus,18°C Control,6,0.870229008,NA,1,"Data, Figure 3"
Vandendriessche et al. 2007,10.1016/j.jembe.2006.11.010,Fucus vesiculosus,18°C Control,7,0.854113656,NA,1,"Data, Figure 3"
Vandendriessche et al. 2007,10.1016/j.jembe.2006.11.010,Fucus vesiculosus,18°C Control,8,0.854113656,NA,1,"Data, Figure 3"
Vandendriessche et al. 2007,10.1016/j.jembe.2006.11.010,Fucus vesiculosus,18°C Control,12,0.812553011,NA,1,"Data, Figure 3"
Vandendriessche et al. 2007,10.1016/j.jembe.2006.11.010,Fucus vesiculosus,18°C Control,13,0.797879559,NA,1,"Data, Figure 3"
Vandendriessche et al. 2007,10.1016/j.jembe.2006.11.010,Fucus vesiculosus,18°C Control,15,0.807039864,NA,1,"Data, Figure 3"
Vandendriessche et al. 2007,10.1016/j.jembe.2006.11.010,Fucus vesiculosus,18°C Control,16,0.799321459,NA,1,"Data, Figure 3"
Vandendriessche et al. 2007,10.1016/j.jembe.2006.11.010,Fucus vesiculosus,18°C Control,20,1.054028838,NA,1,"Data, Figure 3"
Vandendriessche et al. 2007,10.1016/j.jembe.2006.11.010,Fucus vesiculosus,18°C Control,21,1.052841391,NA,1,"Data, Figure 3"
Vandendriessche et al. 2007,10.1016/j.jembe.2006.11.010,Fucus vesiculosus,18°C Control,22,1.053689567,NA,1,"Data, Figure 3"
Vandendriessche et al. 2007,10.1016/j.jembe.2006.11.010,Fucus vesiculosus,18°C Control,23,1.054622561,NA,1,"Data, Figure 3"
Vandendriessche et al. 2007,10.1016/j.jembe.2006.11.010,Fucus vesiculosus,18°C Control,26,1.066666667,NA,1,"Data, Figure 3"
Vandendriessche et al. 2007,10.1016/j.jembe.2006.11.010,Fucus vesiculosus,18°C Control,27,1.048854962,NA,1,"Data, Figure 3"
Vandendriessche et al. 2007,10.1016/j.jembe.2006.11.010,Fucus vesiculosus,18°C Control,28,1.020695505,NA,1,"Data, Figure 3"
Vandendriessche et al. 2007,10.1016/j.jembe.2006.11.010,Fucus vesiculosus,18°C Control,29,1.011111111,NA,1,"Data, Figure 3"
Vandendriessche et al. 2007,10.1016/j.jembe.2006.11.010,Fucus vesiculosus,18°C Control,30,1.00322307,NA,1,"Data, Figure 3"
Vandendriessche et al. 2007,10.1016/j.jembe.2006.11.010,Fucus vesiculosus,18°C Control,33,0.979643766,NA,1,"Data, Figure 3"
Vandendriessche et al. 2007,10.1016/j.jembe.2006.11.010,Fucus vesiculosus,18°C Control,34,1.002120441,NA,1,"Data, Figure 3"
Vandendriessche et al. 2007,10.1016/j.jembe.2006.11.010,Fucus vesiculosus,18°C Control,35,1.003731976,NA,1,"Data, Figure 3"
Vandendriessche et al. 2007,10.1016/j.jembe.2006.11.010,Fucus vesiculosus,18°C Control,36,1,NA,1,"Data, Figure 3"
Vandendriessche et al. 2007,10.1016/j.jembe.2006.11.010,Fucus vesiculosus,18°C Control,37,0.998303647,NA,1,"Data, Figure 3"
Vandendriessche et al. 2007,10.1016/j.jembe.2006.11.010,Fucus vesiculosus,18°C Control,40,0.965733673,NA,1,"Data, Figure 3"
Vandendriessche et al. 2007,10.1016/j.jembe.2006.11.010,Fucus vesiculosus,18°C Control,41,0.979983036,NA,1,"Data, Figure 3"
Vandendriessche et al. 2007,10.1016/j.jembe.2006.11.010,Fucus vesiculosus,18°C Control,42,0.974300254,NA,1,"Data, Figure 3"
Vandendriessche et al. 2007,10.1016/j.jembe.2006.11.010,Fucus vesiculosus,18°C Control,43,0.981340119,NA,1,"Data, Figure 3"
Vandendriessche et al. 2007,10.1016/j.jembe.2006.11.010,Fucus vesiculosus,18°C Control,44,0.987362171,NA,1,"Data, Figure 3"
Vandendriessche et al. 2007,10.1016/j.jembe.2006.11.010,Fucus vesiculosus,18°C Control,47,1.001611535,NA,1,"Data, Figure 3"
Vandendriessche et al. 2007,10.1016/j.jembe.2006.11.010,Fucus vesiculosus,18°C Control,48,0.98057676,NA,1,"Data, Figure 3"
Vandendriessche et al. 2007,10.1016/j.jembe.2006.11.010,Fucus vesiculosus,18°C Control,49,1.007463953,NA,1,"Data, Figure 3"
Vandendriessche et al. 2007,10.1016/j.jembe.2006.11.010,Fucus vesiculosus,18°C Control,50,1.001950806,NA,1,"Data, Figure 3"
Vandendriessche et al. 2007,10.1016/j.jembe.2006.11.010,Fucus vesiculosus,18°C Control,51,1.009414758,NA,1,"Data, Figure 3"
Vandendriessche et al. 2007,10.1016/j.jembe.2006.11.010,Fucus vesiculosus,18°C Control,54,1.036556404,NA,1,"Data, Figure 3"
Vandendriessche et al. 2007,10.1016/j.jembe.2006.11.010,Fucus vesiculosus,18°C Control,55,1.024936387,NA,1,"Data, Figure 3"
Vandendriessche et al. 2007,10.1016/j.jembe.2006.11.010,Fucus vesiculosus,18°C Control,56,1.018405428,NA,1,"Data, Figure 3"
Vandendriessche et al. 2007,10.1016/j.jembe.2006.11.010,Fucus vesiculosus,18°C Control,61,1.036895674,NA,1,"Data, Figure 3"
Vandendriessche et al. 2007,10.1016/j.jembe.2006.11.010,Fucus vesiculosus,18°C Control,62,1.038507209,NA,1,"Data, Figure 3"
Vandendriessche et al. 2007,10.1016/j.jembe.2006.11.010,Fucus vesiculosus,18°C Control,63,1.04028838,NA,1,"Data, Figure 3"
Vandendriessche et al. 2007,10.1016/j.jembe.2006.11.010,Fucus vesiculosus,18°C Control,64,1.022561493,NA,1,"Data, Figure 3"
Vandendriessche et al. 2007,10.1016/j.jembe.2006.11.010,Fucus vesiculosus,18°C Control,65,1.033672604,NA,1,"Data, Figure 3"
Vandendriessche et al. 2007,10.1016/j.jembe.2006.11.010,Fucus vesiculosus,18°C Control,69,1.035114504,NA,1,"Data, Figure 3"
Vandendriessche et al. 2007,10.1016/j.jembe.2006.11.010,Fucus vesiculosus,18°C Control,72,1.025106022,NA,1,"Data, Figure 3"
Vandendriessche et al. 2007,10.1016/j.jembe.2006.11.010,Fucus vesiculosus,18°C Control,75,1.058693808,NA,1,"Data, Figure 3"
Vandendriessche et al. 2007,10.1016/j.jembe.2006.11.010,Fucus vesiculosus,18°C Control,76,1.078117048,NA,1,"Data, Figure 3"
Vandendriessche et al. 2007,10.1016/j.jembe.2006.11.010,Fucus vesiculosus,18°C Control,77,1.057675997,NA,1,"Data, Figure 3"
Vandendriessche et al. 2007,10.1016/j.jembe.2006.11.010,Fucus vesiculosus,18°C Control,78,1.058778626,NA,1,"Data, Figure 3"
Vandendriessche et al. 2007,10.1016/j.jembe.2006.11.010,Fucus vesiculosus,18°C Control,79,1.047752332,NA,1,"Data, Figure 3"
Vandendriessche et al. 2007,10.1016/j.jembe.2006.11.010,Fucus vesiculosus,18°C Control,82,1.014503817,NA,1,"Data, Figure 3"
Vandendriessche et al. 2007,10.1016/j.jembe.2006.11.010,Fucus vesiculosus,18°C Control,83,0.99100933,NA,1,"Data, Figure 3"
Vandendriessche et al. 2007,10.1016/j.jembe.2006.11.010,Fucus vesiculosus,18°C Control,84,0.998049194,NA,1,"Data, Figure 3"
Vandendriessche et al. 2007,10.1016/j.jembe.2006.11.010,Fucus vesiculosus,18°C Control,85,0.995928753,NA,1,"Data, Figure 3"
Vandendriessche et al. 2007,10.1016/j.jembe.2006.11.010,Fucus vesiculosus,18°C Control,86,0.949957591,NA,1,"Data, Figure 3"
Vandendriessche et al. 2007,10.1016/j.jembe.2006.11.010,Fucus vesiculosus,18°C Control,89,0.950890585,NA,1,"Data, Figure 3"
Vandendriessche et al. 2007,10.1016/j.jembe.2006.11.010,Fucus vesiculosus,18°C Control,90,0.92985581,NA,1,"Data, Figure 3"
Vandendriessche et al. 2007,10.1016/j.jembe.2006.11.010,Fucus vesiculosus,18°C Control,91,0.925954198,NA,1,"Data, Figure 3"
Vandendriessche et al. 2007,10.1016/j.jembe.2006.11.010,Fucus vesiculosus,18°C Control,106,0.911620017,NA,1,"Data, Figure 3"
Vandendriessche et al. 2007,10.1016/j.jembe.2006.11.010,Fucus vesiculosus,18°C Control,107,0.914588634,NA,1,"Data, Figure 3"
Vandendriessche et al. 2007,10.1016/j.jembe.2006.11.010,Fucus vesiculosus,18°C Control,111,0.92841391,NA,1,"Data, Figure 3"
Vandendriessche et al. 2007,10.1016/j.jembe.2006.11.010,Fucus vesiculosus,18°C Control,113,0.83418151,NA,1,"Data, Figure 3"
Vandendriessche et al. 2007,10.1016/j.jembe.2006.11.010,Fucus vesiculosus,18°C Grazed,0,1,NA,1,"Data, Figure 3"
Vandendriessche et al. 2007,10.1016/j.jembe.2006.11.010,Fucus vesiculosus,18°C Grazed,2,0.867125733,NA,1,"Data, Figure 3"
Vandendriessche et al. 2007,10.1016/j.jembe.2006.11.010,Fucus vesiculosus,18°C Grazed,5,0.725835246,NA,1,"Data, Figure 3"
Vandendriessche et al. 2007,10.1016/j.jembe.2006.11.010,Fucus vesiculosus,18°C Grazed,6,0.725835246,NA,1,"Data, Figure 3"
Vandendriessche et al. 2007,10.1016/j.jembe.2006.11.010,Fucus vesiculosus,18°C Grazed,7,0.495026779,NA,1,"Data, Figure 3"
Vandendriessche et al. 2007,10.1016/j.jembe.2006.11.010,Fucus vesiculosus,18°C Grazed,0,1,NA,1,"Data, Figure 3"
Vandendriessche et al. 2007,10.1016/j.jembe.2006.11.010,Fucus vesiculosus,18°C Grazed,1,0.81978022,NA,1,"Data, Figure 3"
Vandendriessche et al. 2007,10.1016/j.jembe.2006.11.010,Fucus vesiculosus,18°C Grazed,5,0.676669484,NA,1,"Data, Figure 3"
Vandendriessche et al. 2007,10.1016/j.jembe.2006.11.010,Fucus vesiculosus,18°C Grazed,6,0.600253593,NA,1,"Data, Figure 3"
Vandendriessche et al. 2007,10.1016/j.jembe.2006.11.010,Fucus vesiculosus,18°C Grazed,8,0.500760778,NA,1,"Data, Figure 3"
Vandendriessche et al. 2007,10.1016/j.jembe.2006.11.010,Fucus vesiculosus,18°C Grazed,9,0.418258664,NA,1,"Data, Figure 3"
Vandendriessche et al. 2007,10.1016/j.jembe.2006.11.010,Fucus vesiculosus,18°C Grazed,13,0.063482671,NA,1,"Data, Figure 3"
Vandendriessche et al. 2007,10.1016/j.jembe.2006.11.010,Fucus vesiculosus,18°C Grazed,14,0.058241758,NA,1,"Data, Figure 3"
Vandendriessche et al. 2007,10.1016/j.jembe.2006.11.010,Fucus vesiculosus,18°C Grazed,15,0.029501268,NA,1,"Data, Figure 3"
Vandendriessche et al. 2007,10.1016/j.jembe.2006.11.010,Fucus vesiculosus,18°C Grazed,0,1,NA,1,"Data, Figure 3"
Vandendriessche et al. 2007,10.1016/j.jembe.2006.11.010,Fucus vesiculosus,18°C Grazed,2,0.850855538,NA,1,"Data, Figure 3"
Vandendriessche et al. 2007,10.1016/j.jembe.2006.11.010,Fucus vesiculosus,18°C Grazed,5,0.776964331,NA,1,"Data, Figure 3"
Vandendriessche et al. 2007,10.1016/j.jembe.2006.11.010,Fucus vesiculosus,18°C Grazed,6,0.776964331,NA,1,"Data, Figure 3"
Vandendriessche et al. 2007,10.1016/j.jembe.2006.11.010,Fucus vesiculosus,18°C Grazed,7,0.72954797,NA,1,"Data, Figure 3"
Vandendriessche et al. 2007,10.1016/j.jembe.2006.11.010,Fucus vesiculosus,18°C Grazed,8,0.703583894,NA,1,"Data, Figure 3"
Vandendriessche et al. 2007,10.1016/j.jembe.2006.11.010,Fucus vesiculosus,18°C Grazed,12,0.570017877,NA,1,"Data, Figure 3"
Vandendriessche et al. 2007,10.1016/j.jembe.2006.11.010,Fucus vesiculosus,18°C Grazed,13,0.563803524,NA,1,"Data, Figure 3"
Vandendriessche et al. 2007,10.1016/j.jembe.2006.11.010,Fucus vesiculosus,18°C Grazed,15,0.470673363,NA,1,"Data, Figure 3"
Vandendriessche et al. 2007,10.1016/j.jembe.2006.11.010,Fucus vesiculosus,18°C Grazed,16,0.424789308,NA,1,"Data, Figure 3"
Vandendriessche et al. 2007,10.1016/j.jembe.2006.11.010,Fucus vesiculosus,18°C Grazed,20,0.236400783,NA,1,"Data, Figure 3"
Vandendriessche et al. 2007,10.1016/j.jembe.2006.11.010,Fucus vesiculosus,18°C Grazed,21,0.172384439,NA,1,"Data, Figure 3"
Vandendriessche et al. 2007,10.1016/j.jembe.2006.11.010,Fucus vesiculosus,18°C Grazed,22,0.160636758,NA,1,"Data, Figure 3"
Vandendriessche et al. 2007,10.1016/j.jembe.2006.11.010,Fucus vesiculosus,18°C Grazed,23,0.151017281,NA,1,"Data, Figure 3"
Vandendriessche et al. 2007,10.1016/j.jembe.2006.11.010,Fucus vesiculosus,18°C Grazed,26,0.065804035,NA,1,"Data, Figure 3"
Vandendriessche et al. 2007,10.1016/j.jembe.2006.11.010,Fucus vesiculosus,18°C Grazed,27,0.063846088,NA,1,"Data, Figure 3"
Vandendriessche et al. 2007,10.1016/j.jembe.2006.11.010,Fucus vesiculosus,18°C Grazed,28,0.053290202,NA,1,"Data, Figure 3"
Vandendriessche et al. 2007,10.1016/j.jembe.2006.11.010,Fucus vesiculosus,18°C Grazed,29,0.050480974,NA,1,"Data, Figure 3"
Vandendriessche et al. 2007,10.1016/j.jembe.2006.11.010,Fucus vesiculosus,18°C Grazed,30,0.021452286,NA,1,"Data, Figure 3"
Vandendriessche et al. 2007,10.1016/j.jembe.2006.11.010,Fucus vesiculosus,18°C Grazed,0,1,NA,1,"Data, Figure 3"
Vandendriessche et al. 2007,10.1016/j.jembe.2006.11.010,Fucus vesiculosus,18°C Grazed,2,0.86993172,NA,1,"Data, Figure 3"
Vandendriessche et al. 2007,10.1016/j.jembe.2006.11.010,Fucus vesiculosus,18°C Grazed,5,0.81277923,NA,1,"Data, Figure 3"
Vandendriessche et al. 2007,10.1016/j.jembe.2006.11.010,Fucus vesiculosus,18°C Grazed,6,0.81277923,NA,1,"Data, Figure 3"
Vandendriessche et al. 2007,10.1016/j.jembe.2006.11.010,Fucus vesiculosus,18°C Grazed,7,0.650341398,NA,1,"Data, Figure 3"
Vandendriessche et al. 2007,10.1016/j.jembe.2006.11.010,Fucus vesiculosus,18°C Grazed,8,0.576835539,NA,1,"Data, Figure 3"
Vandendriessche et al. 2007,10.1016/j.jembe.2006.11.010,Fucus vesiculosus,18°C Grazed,12,0.539408244,NA,1,"Data, Figure 3"
Vandendriessche et al. 2007,10.1016/j.jembe.2006.11.010,Fucus vesiculosus,18°C Grazed,13,0.487313496,NA,1,"Data, Figure 3"
Vandendriessche et al. 2007,10.1016/j.jembe.2006.11.010,Fucus vesiculosus,18°C Grazed,15,0.137317711,NA,1,"Data, Figure 3"
Vandendriessche et al. 2007,10.1016/j.jembe.2006.11.010,Fucus vesiculosus,18°C Grazed,16,0.113967799,NA,1,"Data, Figure 3"
Vandendriessche et al. 2007,10.1016/j.jembe.2006.11.010,Fucus vesiculosus,18°C Grazed,20,0.180645705,NA,1,"Data, Figure 3"
Vandendriessche et al. 2007,10.1016/j.jembe.2006.11.010,Ascophyllum nodosum,18°C Control,0,1,NA,1,"Data, Figure 3"
Vandendriessche et al. 2007,10.1016/j.jembe.2006.11.010,Ascophyllum nodosum,18°C Control,2,0.937087891,NA,1,"Data, Figure 3"
Vandendriessche et al. 2007,10.1016/j.jembe.2006.11.010,Ascophyllum nodosum,18°C Control,5,0.933984951,NA,1,"Data, Figure 3"
Vandendriessche et al. 2007,10.1016/j.jembe.2006.11.010,Ascophyllum nodosum,18°C Control,6,0.934372818,NA,1,"Data, Figure 3"
Vandendriessche et al. 2007,10.1016/j.jembe.2006.11.010,Ascophyllum nodosum,18°C Control,7,0.916763634,NA,1,"Data, Figure 3"
Vandendriessche et al. 2007,10.1016/j.jembe.2006.11.010,Ascophyllum nodosum,18°C Control,8,0.913272826,NA,1,"Data, Figure 3"
Vandendriessche et al. 2007,10.1016/j.jembe.2006.11.010,Ascophyllum nodosum,18°C Control,12,0.911488635,NA,1,"Data, Figure 3"
Vandendriessche et al. 2007,10.1016/j.jembe.2006.11.010,Ascophyllum nodosum,18°C Control,13,0.91226437,NA,1,"Data, Figure 3"
Vandendriessche et al. 2007,10.1016/j.jembe.2006.11.010,Ascophyllum nodosum,18°C Control,15,0.949499651,NA,1,"Data, Figure 3"
Vandendriessche et al. 2007,10.1016/j.jembe.2006.11.010,Ascophyllum nodosum,18°C Control,16,0.944457373,NA,1,"Data, Figure 3"
Vandendriessche et al. 2007,10.1016/j.jembe.2006.11.010,Ascophyllum nodosum,18°C Control,20,0.841750058,NA,1,"Data, Figure 3"
Vandendriessche et al. 2007,10.1016/j.jembe.2006.11.010,Ascophyllum nodosum,18°C Control,21,0.832596385,NA,1,"Data, Figure 3"
Vandendriessche et al. 2007,10.1016/j.jembe.2006.11.010,Ascophyllum nodosum,18°C Control,22,0.820262198,NA,1,"Data, Figure 3"
Vandendriessche et al. 2007,10.1016/j.jembe.2006.11.010,Ascophyllum nodosum,18°C Control,23,0.814133892,NA,1,"Data, Figure 3"
Vandendriessche et al. 2007,10.1016/j.jembe.2006.11.010,Ascophyllum nodosum,18°C Control,26,0.768830967,NA,1,"Data, Figure 3"
Vandendriessche et al. 2007,10.1016/j.jembe.2006.11.010,Ascophyllum nodosum,18°C Control,27,0.710728415,NA,1,"Data, Figure 3"
Vandendriessche et al. 2007,10.1016/j.jembe.2006.11.010,Ascophyllum nodosum,18°C Control,28,0.687921806,NA,1,"Data, Figure 3"
Vandendriessche et al. 2007,10.1016/j.jembe.2006.11.010,Ascophyllum nodosum,18°C Control,29,0.6636413,NA,1,"Data, Figure 3"
Vandendriessche et al. 2007,10.1016/j.jembe.2006.11.010,Ascophyllum nodosum,18°C Control,30,0.607478085,NA,1,"Data, Figure 3"
Vandendriessche et al. 2007,10.1016/j.jembe.2006.11.010,Ascophyllum nodosum,18°C Control,33,0.595686913,NA,1,"Data, Figure 3"
Vandendriessche et al. 2007,10.1016/j.jembe.2006.11.010,Ascophyllum nodosum,18°C Control,34,0.602358234,NA,1,"Data, Figure 3"
Vandendriessche et al. 2007,10.1016/j.jembe.2006.11.010,Ascophyllum nodosum,18°C Control,35,0.598091692,NA,1,"Data, Figure 3"
Vandendriessche et al. 2007,10.1016/j.jembe.2006.11.010,Ascophyllum nodosum,18°C Control,36,0.593825149,NA,1,"Data, Figure 3"
Vandendriessche et al. 2007,10.1016/j.jembe.2006.11.010,Ascophyllum nodosum,18°C Control,37,0.549220386,NA,1,"Data, Figure 3"
Vandendriessche et al. 2007,10.1016/j.jembe.2006.11.010,Ascophyllum nodosum,18°C Control,40,0.50632224,NA,1,"Data, Figure 3"
Vandendriessche et al. 2007,10.1016/j.jembe.2006.11.010,Ascophyllum nodosum,18°C Control,41,0.46466527,NA,1,"Data, Figure 3"
Vandendriessche et al. 2007,10.1016/j.jembe.2006.11.010,Ascophyllum nodosum,18°C Control,42,0.43805756,NA,1,"Data, Figure 3"
Vandendriessche et al. 2007,10.1016/j.jembe.2006.11.010,Ascophyllum nodosum,18°C Control,43,0.411760143,NA,1,"Data, Figure 3"
Vandendriessche et al. 2007,10.1016/j.jembe.2006.11.010,Ascophyllum nodosum,18°C Control,44,0.404933675,NA,1,"Data, Figure 3"
Vandendriessche et al. 2007,10.1016/j.jembe.2006.11.010,Ascophyllum nodosum,18°C Control,47,0.366612365,NA,1,"Data, Figure 3"
Vandendriessche et al. 2007,10.1016/j.jembe.2006.11.010,Ascophyllum nodosum,18°C Control,48,0.343185168,NA,1,"Data, Figure 3"
Vandendriessche et al. 2007,10.1016/j.jembe.2006.11.010,Ascophyllum nodosum,18°C Control,49,0.29935614,NA,1,"Data, Figure 3"
Vandendriessche et al. 2007,10.1016/j.jembe.2006.11.010,Ascophyllum nodosum,18°C Control,50,0.278178574,NA,1,"Data, Figure 3"
Vandendriessche et al. 2007,10.1016/j.jembe.2006.11.010,Ascophyllum nodosum,18°C Control,51,0.241408735,NA,1,"Data, Figure 3"
Vandendriessche et al. 2007,10.1016/j.jembe.2006.11.010,Ascophyllum nodosum,18°C Control,54,0.236987045,NA,1,"Data, Figure 3"
Vandendriessche et al. 2007,10.1016/j.jembe.2006.11.010,Ascophyllum nodosum,18°C Control,55,0.221627492,NA,1,"Data, Figure 3"
Vandendriessche et al. 2007,10.1016/j.jembe.2006.11.010,Ascophyllum nodosum,18°C Control,56,0.210379334,NA,1,"Data, Figure 3"
Vandendriessche et al. 2007,10.1016/j.jembe.2006.11.010,Ascophyllum nodosum,18°C Control,61,0.19765728,NA,1,"Data, Figure 3"
Vandendriessche et al. 2007,10.1016/j.jembe.2006.11.010,Ascophyllum nodosum,18°C Control,62,0.187107284,NA,1,"Data, Figure 3"
Vandendriessche et al. 2007,10.1016/j.jembe.2006.11.010,Ascophyllum nodosum,18°C Control,63,0.184780079,NA,1,"Data, Figure 3"
Vandendriessche et al. 2007,10.1016/j.jembe.2006.11.010,Ascophyllum nodosum,18°C Control,64,0.170506555,NA,1,"Data, Figure 3"
Vandendriessche et al. 2007,10.1016/j.jembe.2006.11.010,Ascophyllum nodosum,18°C Control,65,0.168644791,NA,1,"Data, Figure 3"
Vandendriessche et al. 2007,10.1016/j.jembe.2006.11.010,Ascophyllum nodosum,18°C Control,69,0.157862074,NA,1,"Data, Figure 3"
Vandendriessche et al. 2007,10.1016/j.jembe.2006.11.010,Ascophyllum nodosum,18°C Control,72,0.15887053,NA,1,"Data, Figure 3"
Vandendriessche et al. 2007,10.1016/j.jembe.2006.11.010,Ascophyllum nodosum,18°C Control,75,0.153130091,NA,1,"Data, Figure 3"
Vandendriessche et al. 2007,10.1016/j.jembe.2006.11.010,Ascophyllum nodosum,18°C Control,0,1,NA,1,"Data, Figure 3"
Vandendriessche et al. 2007,10.1016/j.jembe.2006.11.010,Ascophyllum nodosum,18°C Control,2,0.936224694,NA,1,"Data, Figure 3"
Vandendriessche et al. 2007,10.1016/j.jembe.2006.11.010,Ascophyllum nodosum,18°C Control,5,0.896215092,NA,1,"Data, Figure 3"
Vandendriessche et al. 2007,10.1016/j.jembe.2006.11.010,Ascophyllum nodosum,18°C Control,6,0.903176762,NA,1,"Data, Figure 3"
Vandendriessche et al. 2007,10.1016/j.jembe.2006.11.010,Ascophyllum nodosum,18°C Control,7,0.893894535,NA,1,"Data, Figure 3"
Vandendriessche et al. 2007,10.1016/j.jembe.2006.11.010,Ascophyllum nodosum,18°C Control,8,0.887012883,NA,1,"Data, Figure 3"
Vandendriessche et al. 2007,10.1016/j.jembe.2006.11.010,Ascophyllum nodosum,18°C Control,12,0.885812595,NA,1,"Data, Figure 3"
Vandendriessche et al. 2007,10.1016/j.jembe.2006.11.010,Ascophyllum nodosum,18°C Control,13,0.885812595,NA,1,"Data, Figure 3"
Vandendriessche et al. 2007,10.1016/j.jembe.2006.11.010,Ascophyllum nodosum,18°C Control,15,0.927422581,NA,1,"Data, Figure 3"
Vandendriessche et al. 2007,10.1016/j.jembe.2006.11.010,Ascophyllum nodosum,18°C Control,16,0.92558214,NA,1,"Data, Figure 3"
Vandendriessche et al. 2007,10.1016/j.jembe.2006.11.010,Ascophyllum nodosum,18°C Control,20,0.871649196,NA,1,"Data, Figure 3"
Vandendriessche et al. 2007,10.1016/j.jembe.2006.11.010,Ascophyllum nodosum,18°C Control,21,0.869568696,NA,1,"Data, Figure 3"
Vandendriessche et al. 2007,10.1016/j.jembe.2006.11.010,Ascophyllum nodosum,18°C Control,22,0.870929023,NA,1,"Data, Figure 3"
Vandendriessche et al. 2007,10.1016/j.jembe.2006.11.010,Ascophyllum nodosum,18°C Control,23,0.868848524,NA,1,"Data, Figure 3"
Vandendriessche et al. 2007,10.1016/j.jembe.2006.11.010,Ascophyllum nodosum,18°C Control,26,0.838441226,NA,1,"Data, Figure 3"
Vandendriessche et al. 2007,10.1016/j.jembe.2006.11.010,Ascophyllum nodosum,18°C Control,27,0.847883492,NA,1,"Data, Figure 3"
Vandendriessche et al. 2007,10.1016/j.jembe.2006.11.010,Ascophyllum nodosum,18°C Control,28,0.841241898,NA,1,"Data, Figure 3"
Vandendriessche et al. 2007,10.1016/j.jembe.2006.11.010,Ascophyllum nodosum,18°C Control,29,0.838521245,NA,1,"Data, Figure 3"
Vandendriessche et al. 2007,10.1016/j.jembe.2006.11.010,Ascophyllum nodosum,18°C Control,30,0.822997519,NA,1,"Data, Figure 3"
Vandendriessche et al. 2007,10.1016/j.jembe.2006.11.010,Ascophyllum nodosum,18°C Control,33,0.820837001,NA,1,"Data, Figure 3"
Vandendriessche et al. 2007,10.1016/j.jembe.2006.11.010,Ascophyllum nodosum,18°C Control,34,0.825478115,NA,1,"Data, Figure 3"
Vandendriessche et al. 2007,10.1016/j.jembe.2006.11.010,Ascophyllum nodosum,18°C Control,35,0.79579099,NA,1,"Data, Figure 3"
Vandendriessche et al. 2007,10.1016/j.jembe.2006.11.010,Ascophyllum nodosum,18°C Control,36,0.780347283,NA,1,"Data, Figure 3"
Vandendriessche et al. 2007,10.1016/j.jembe.2006.11.010,Ascophyllum nodosum,18°C Control,37,0.792350164,NA,1,"Data, Figure 3"
Vandendriessche et al. 2007,10.1016/j.jembe.2006.11.010,Ascophyllum nodosum,18°C Control,40,0.726014243,NA,1,"Data, Figure 3"
Vandendriessche et al. 2007,10.1016/j.jembe.2006.11.010,Ascophyllum nodosum,18°C Control,41,0.741217892,NA,1,"Data, Figure 3"
Vandendriessche et al. 2007,10.1016/j.jembe.2006.11.010,Ascophyllum nodosum,18°C Control,42,0.757941906,NA,1,"Data, Figure 3"
Vandendriessche et al. 2007,10.1016/j.jembe.2006.11.010,Ascophyllum nodosum,18°C Control,43,0.744738737,NA,1,"Data, Figure 3"
Vandendriessche et al. 2007,10.1016/j.jembe.2006.11.010,Ascophyllum nodosum,18°C Control,44,0.526766424,NA,1,"Data, Figure 3"
Vandendriessche et al. 2007,10.1016/j.jembe.2006.11.010,Ascophyllum nodosum,18°C Control,47,0.494598704,NA,1,"Data, Figure 3"
Vandendriessche et al. 2007,10.1016/j.jembe.2006.11.010,Ascophyllum nodosum,18°C Control,48,0.461710811,NA,1,"Data, Figure 3"
Vandendriessche et al. 2007,10.1016/j.jembe.2006.11.010,Ascophyllum nodosum,18°C Control,49,0.458510042,NA,1,"Data, Figure 3"
Vandendriessche et al. 2007,10.1016/j.jembe.2006.11.010,Ascophyllum nodosum,18°C Control,50,0.453788909,NA,1,"Data, Figure 3"
Vandendriessche et al. 2007,10.1016/j.jembe.2006.11.010,Ascophyllum nodosum,18°C Control,51,0.432663839,NA,1,"Data, Figure 3"
Vandendriessche et al. 2007,10.1016/j.jembe.2006.11.010,Ascophyllum nodosum,18°C Control,54,0.439465472,NA,1,"Data, Figure 3"
Vandendriessche et al. 2007,10.1016/j.jembe.2006.11.010,Ascophyllum nodosum,18°C Control,55,0.424021765,NA,1,"Data, Figure 3"
Vandendriessche et al. 2007,10.1016/j.jembe.2006.11.010,Ascophyllum nodosum,18°C Control,56,0.406337521,NA,1,"Data, Figure 3"
Vandendriessche et al. 2007,10.1016/j.jembe.2006.11.010,Ascophyllum nodosum,18°C Control,61,0.397455389,NA,1,"Data, Figure 3"
Vandendriessche et al. 2007,10.1016/j.jembe.2006.11.010,Ascophyllum nodosum,18°C Control,62,0.38729295,NA,1,"Data, Figure 3"
Vandendriessche et al. 2007,10.1016/j.jembe.2006.11.010,Ascophyllum nodosum,18°C Control,63,0.381531568,NA,1,"Data, Figure 3"
Vandendriessche et al. 2007,10.1016/j.jembe.2006.11.010,Ascophyllum nodosum,18°C Control,64,0.374809954,NA,1,"Data, Figure 3"
Vandendriessche et al. 2007,10.1016/j.jembe.2006.11.010,Ascophyllum nodosum,18°C Control,65,0.349203809,NA,1,"Data, Figure 3"
Vandendriessche et al. 2007,10.1016/j.jembe.2006.11.010,Ascophyllum nodosum,18°C Control,69,0.330879411,NA,1,"Data, Figure 3"
Vandendriessche et al. 2007,10.1016/j.jembe.2006.11.010,Ascophyllum nodosum,18°C Control,72,0.326558374,NA,1,"Data, Figure 3"
Vandendriessche et al. 2007,10.1016/j.jembe.2006.11.010,Ascophyllum nodosum,18°C Control,75,0.32191726,NA,1,"Data, Figure 3"
Vandendriessche et al. 2007,10.1016/j.jembe.2006.11.010,Ascophyllum nodosum,18°C Control,76,0.307273746,NA,1,"Data, Figure 3"
Vandendriessche et al. 2007,10.1016/j.jembe.2006.11.010,Ascophyllum nodosum,18°C Control,77,0.27766664,NA,1,"Data, Figure 3"
Vandendriessche et al. 2007,10.1016/j.jembe.2006.11.010,Ascophyllum nodosum,18°C Control,78,0.246779227,NA,1,"Data, Figure 3"
Vandendriessche et al. 2007,10.1016/j.jembe.2006.11.010,Ascophyllum nodosum,18°C Control,0,1,NA,1,"Data, Figure 3"
Vandendriessche et al. 2007,10.1016/j.jembe.2006.11.010,Ascophyllum nodosum,18°C Control,2,0.895276886,NA,1,"Data, Figure 3"
Vandendriessche et al. 2007,10.1016/j.jembe.2006.11.010,Ascophyllum nodosum,18°C Control,5,0.900759771,NA,1,"Data, Figure 3"
Vandendriessche et al. 2007,10.1016/j.jembe.2006.11.010,Ascophyllum nodosum,18°C Control,6,0.90232631,NA,1,"Data, Figure 3"
Vandendriessche et al. 2007,10.1016/j.jembe.2006.11.010,Ascophyllum nodosum,18°C Control,7,0.900916425,NA,1,"Data, Figure 3"
Vandendriessche et al. 2007,10.1016/j.jembe.2006.11.010,Ascophyllum nodosum,18°C Control,8,0.898253309,NA,1,"Data, Figure 3"
Vandendriessche et al. 2007,10.1016/j.jembe.2006.11.010,Ascophyllum nodosum,18°C Control,12,0.890342289,NA,1,"Data, Figure 3"
Vandendriessche et al. 2007,10.1016/j.jembe.2006.11.010,Ascophyllum nodosum,18°C Control,13,0.889559019,NA,1,"Data, Figure 3"
Vandendriessche et al. 2007,10.1016/j.jembe.2006.11.010,Ascophyllum nodosum,18°C Control,15,0.912430485,NA,1,"Data, Figure 3"
Vandendriessche et al. 2007,10.1016/j.jembe.2006.11.010,Ascophyllum nodosum,18°C Control,16,0.904989426,NA,1,"Data, Figure 3"
Vandendriessche et al. 2007,10.1016/j.jembe.2006.11.010,Ascophyllum nodosum,18°C Control,20,0.13527062,NA,1,"Data, Figure 3"
Vandendriessche et al. 2007,10.1016/j.jembe.2006.11.010,Ascophyllum nodosum,18°C Control,21,0.12861283,NA,1,"Data, Figure 3"
Vandendriessche et al. 2007,10.1016/j.jembe.2006.11.010,Ascophyllum nodosum,18°C Control,22,0.09485392,NA,1,"Data, Figure 3"
Vandendriessche et al. 2007,10.1016/j.jembe.2006.11.010,Ascophyllum nodosum,18°C Control,23,0.085454688,NA,1,"Data, Figure 3"
Vandendriessche et al. 2007,10.1016/j.jembe.2006.11.010,Ascophyllum nodosum,18°C Control,26,0.048092739,NA,1,"Data, Figure 3"
Vandendriessche et al. 2007,10.1016/j.jembe.2006.11.010,Ascophyllum nodosum,18°C Grazed,0,1,NA,1,"Data, Figure 3"
Vandendriessche et al. 2007,10.1016/j.jembe.2006.11.010,Ascophyllum nodosum,18°C Grazed,2,0.845755023,NA,1,"Data, Figure 3"
Vandendriessche et al. 2007,10.1016/j.jembe.2006.11.010,Ascophyllum nodosum,18°C Grazed,5,0.776814647,NA,1,"Data, Figure 3"
Vandendriessche et al. 2007,10.1016/j.jembe.2006.11.010,Ascophyllum nodosum,18°C Grazed,6,0.747731692,NA,1,"Data, Figure 3"
Vandendriessche et al. 2007,10.1016/j.jembe.2006.11.010,Ascophyllum nodosum,18°C Grazed,7,0.70544394,NA,1,"Data, Figure 3"
Vandendriessche et al. 2007,10.1016/j.jembe.2006.11.010,Ascophyllum nodosum,18°C Grazed,8,0.641931303,NA,1,"Data, Figure 3"
Vandendriessche et al. 2007,10.1016/j.jembe.2006.11.010,Ascophyllum nodosum,18°C Grazed,12,0.350129618,NA,1,"Data, Figure 3"
Vandendriessche et al. 2007,10.1016/j.jembe.2006.11.010,Ascophyllum nodosum,18°C Grazed,13,0.310029164,NA,1,"Data, Figure 3"
Vandendriessche et al. 2007,10.1016/j.jembe.2006.11.010,Ascophyllum nodosum,18°C Grazed,15,0.21735256,NA,1,"Data, Figure 3"
Vandendriessche et al. 2007,10.1016/j.jembe.2006.11.010,Ascophyllum nodosum,18°C Grazed,16,0.189241737,NA,1,"Data, Figure 3"
Vandendriessche et al. 2007,10.1016/j.jembe.2006.11.010,Ascophyllum nodosum,18°C Grazed,20,0.099076474,NA,1,"Data, Figure 3"
Vandendriessche et al. 2007,10.1016/j.jembe.2006.11.010,Ascophyllum nodosum,18°C Grazed,21,0.089355152,NA,1,"Data, Figure 3"
Vandendriessche et al. 2007,10.1016/j.jembe.2006.11.010,Ascophyllum nodosum,18°C Grazed,22,0.081578095,NA,1,"Data, Figure 3"
Vandendriessche et al. 2007,10.1016/j.jembe.2006.11.010,Ascophyllum nodosum,18°C Grazed,23,0.076474401,NA,1,"Data, Figure 3"
Vandendriessche et al. 2007,10.1016/j.jembe.2006.11.010,Ascophyllum nodosum,18°C Grazed,26,0.048039533,NA,1,"Data, Figure 3"
Vandendriessche et al. 2007,10.1016/j.jembe.2006.11.010,Ascophyllum nodosum,18°C Grazed,27,0.031594297,NA,1,"Data, Figure 3"
Vandendriessche et al. 2007,10.1016/j.jembe.2006.11.010,Ascophyllum nodosum,18°C Grazed,28,0.012799741,NA,1,"Data, Figure 3"
Vandendriessche et al. 2007,10.1016/j.jembe.2006.11.010,Ascophyllum nodosum,18°C Grazed,0,1,NA,1,"Data, Figure 3"
Vandendriessche et al. 2007,10.1016/j.jembe.2006.11.010,Ascophyllum nodosum,18°C Grazed,2,0.747933553,NA,1,"Data, Figure 3"
Vandendriessche et al. 2007,10.1016/j.jembe.2006.11.010,Ascophyllum nodosum,18°C Grazed,5,0.691758286,NA,1,"Data, Figure 3"
Vandendriessche et al. 2007,10.1016/j.jembe.2006.11.010,Ascophyllum nodosum,18°C Grazed,6,0.510392424,NA,1,"Data, Figure 3"
Vandendriessche et al. 2007,10.1016/j.jembe.2006.11.010,Ascophyllum nodosum,18°C Grazed,7,0.47580451,NA,1,"Data, Figure 3"
Vandendriessche et al. 2007,10.1016/j.jembe.2006.11.010,Ascophyllum nodosum,18°C Grazed,8,0.390016853,NA,1,"Data, Figure 3"
Vandendriessche et al. 2007,10.1016/j.jembe.2006.11.010,Ascophyllum nodosum,18°C Grazed,12,0.291228633,NA,1,"Data, Figure 3"
Vandendriessche et al. 2007,10.1016/j.jembe.2006.11.010,Ascophyllum nodosum,18°C Grazed,13,0.281036835,NA,1,"Data, Figure 3"
Vandendriessche et al. 2007,10.1016/j.jembe.2006.11.010,Ascophyllum nodosum,18°C Grazed,15,0.309686221,NA,1,"Data, Figure 3"
Vandendriessche et al. 2007,10.1016/j.jembe.2006.11.010,Ascophyllum nodosum,18°C Grazed,16,0.278950325,NA,1,"Data, Figure 3"
Vandendriessche et al. 2007,10.1016/j.jembe.2006.11.010,Ascophyllum nodosum,18°C Grazed,20,0.86734612,NA,1,"Data, Figure 3"
Vandendriessche et al. 2007,10.1016/j.jembe.2006.11.010,Ascophyllum nodosum,18°C Grazed,21,0.796886285,NA,1,"Data, Figure 3"
Vandendriessche et al. 2007,10.1016/j.jembe.2006.11.010,Ascophyllum nodosum,18°C Grazed,22,0.792713265,NA,1,"Data, Figure 3"
Vandendriessche et al. 2007,10.1016/j.jembe.2006.11.010,Ascophyllum nodosum,18°C Grazed,23,0.759650108,NA,1,"Data, Figure 3"
Vandendriessche et al. 2007,10.1016/j.jembe.2006.11.010,Ascophyllum nodosum,18°C Grazed,26,0.628681486,NA,1,"Data, Figure 3"
Vandendriessche et al. 2007,10.1016/j.jembe.2006.11.010,Ascophyllum nodosum,18°C Grazed,27,0.581654763,NA,1,"Data, Figure 3"
Vandendriessche et al. 2007,10.1016/j.jembe.2006.11.010,Ascophyllum nodosum,18°C Grazed,28,0.571061713,NA,1,"Data, Figure 3"
Vandendriessche et al. 2007,10.1016/j.jembe.2006.11.010,Ascophyllum nodosum,18°C Grazed,29,0.519380467,NA,1,"Data, Figure 3"
Vandendriessche et al. 2007,10.1016/j.jembe.2006.11.010,Ascophyllum nodosum,18°C Grazed,30,0.442982104,NA,1,"Data, Figure 3"
Vandendriessche et al. 2007,10.1016/j.jembe.2006.11.010,Ascophyllum nodosum,18°C Grazed,33,0.386004334,NA,1,"Data, Figure 3"
Vandendriessche et al. 2007,10.1016/j.jembe.2006.11.010,Ascophyllum nodosum,18°C Grazed,34,0.390498355,NA,1,"Data, Figure 3"
Vandendriessche et al. 2007,10.1016/j.jembe.2006.11.010,Ascophyllum nodosum,18°C Grazed,35,0.384640077,NA,1,"Data, Figure 3"
Vandendriessche et al. 2007,10.1016/j.jembe.2006.11.010,Ascophyllum nodosum,18°C Grazed,36,0.366102239,NA,1,"Data, Figure 3"
Vandendriessche et al. 2007,10.1016/j.jembe.2006.11.010,Ascophyllum nodosum,18°C Grazed,37,0.361929219,NA,1,"Data, Figure 3"
Vandendriessche et al. 2007,10.1016/j.jembe.2006.11.010,Ascophyllum nodosum,18°C Grazed,40,0.339138111,NA,1,"Data, Figure 3"
Vandendriessche et al. 2007,10.1016/j.jembe.2006.11.010,Ascophyllum nodosum,18°C Grazed,41,0.409918947,NA,1,"Data, Figure 3"
Vandendriessche et al. 2007,10.1016/j.jembe.2006.11.010,Ascophyllum nodosum,18°C Grazed,42,0.350774416,NA,1,"Data, Figure 3"
Vandendriessche et al. 2007,10.1016/j.jembe.2006.11.010,Ascophyllum nodosum,18°C Grazed,43,0.302864939,NA,1,"Data, Figure 3"
Vandendriessche et al. 2007,10.1016/j.jembe.2006.11.010,Ascophyllum nodosum,18°C Grazed,44,0.300778429,NA,1,"Data, Figure 3"
Vandendriessche et al. 2007,10.1016/j.jembe.2006.11.010,Ascophyllum nodosum,18°C Grazed,0,1,NA,1,"Data, Figure 3"
Vandendriessche et al. 2007,10.1016/j.jembe.2006.11.010,Ascophyllum nodosum,18°C Grazed,2,0.710567628,NA,1,"Data, Figure 3"
Vandendriessche et al. 2007,10.1016/j.jembe.2006.11.010,Ascophyllum nodosum,18°C Grazed,5,0.635710155,NA,1,"Data, Figure 3"
Vandendriessche et al. 2007,10.1016/j.jembe.2006.11.010,Ascophyllum nodosum,18°C Grazed,6,0.604973973,NA,1,"Data, Figure 3"
Vandendriessche et al. 2007,10.1016/j.jembe.2006.11.010,Ascophyllum nodosum,18°C Grazed,7,0.539205156,NA,1,"Data, Figure 3"
Vandendriessche et al. 2007,10.1016/j.jembe.2006.11.010,Ascophyllum nodosum,18°C Grazed,8,0.505329257,NA,1,"Data, Figure 3"
Vandendriessche et al. 2007,10.1016/j.jembe.2006.11.010,Ascophyllum nodosum,18°C Grazed,12,0.415847311,NA,1,"Data, Figure 3"
Vandendriessche et al. 2007,10.1016/j.jembe.2006.11.010,Ascophyllum nodosum,18°C Grazed,13,0.401966455,NA,1,"Data, Figure 3"
Vandendriessche et al. 2007,10.1016/j.jembe.2006.11.010,Ascophyllum nodosum,18°C Grazed,15,0.383376022,NA,1,"Data, Figure 3"
Vandendriessche et al. 2007,10.1016/j.jembe.2006.11.010,Ascophyllum nodosum,18°C Grazed,16,0.34602991,NA,1,"Data, Figure 3"
Vandendriessche et al. 2007,10.1016/j.jembe.2006.11.010,Ascophyllum nodosum,18°C Grazed,20,0.180616376,NA,1,"Data, Figure 3"
Vandendriessche et al. 2007,10.1016/j.jembe.2006.11.010,Fucus vesiculosus,5°C Control,0,1,NA,1,"Data, Figure 3"
Vandendriessche et al. 2007,10.1016/j.jembe.2006.11.010,Fucus vesiculosus,5°C Control,1,0.92652124,NA,1,"Data, Figure 3"
Vandendriessche et al. 2007,10.1016/j.jembe.2006.11.010,Fucus vesiculosus,5°C Control,2,0.956563337,NA,1,"Data, Figure 3"
Vandendriessche et al. 2007,10.1016/j.jembe.2006.11.010,Fucus vesiculosus,5°C Control,3,0.971393035,NA,1,"Data, Figure 3"
Vandendriessche et al. 2007,10.1016/j.jembe.2006.11.010,Fucus vesiculosus,5°C Control,7,0.944412553,NA,1,"Data, Figure 3"
Vandendriessche et al. 2007,10.1016/j.jembe.2006.11.010,Fucus vesiculosus,5°C Control,10,0.851320321,NA,1,"Data, Figure 3"
Vandendriessche et al. 2007,10.1016/j.jembe.2006.11.010,Fucus vesiculosus,5°C Control,14,0.847780329,NA,1,"Data, Figure 3"
Vandendriessche et al. 2007,10.1016/j.jembe.2006.11.010,Fucus vesiculosus,5°C Control,16,0.856295446,NA,1,"Data, Figure 3"
Vandendriessche et al. 2007,10.1016/j.jembe.2006.11.010,Fucus vesiculosus,5°C Control,17,0.851703023,NA,1,"Data, Figure 3"
Vandendriessche et al. 2007,10.1016/j.jembe.2006.11.010,Fucus vesiculosus,5°C Control,20,0.871890547,NA,1,"Data, Figure 3"
Vandendriessche et al. 2007,10.1016/j.jembe.2006.11.010,Fucus vesiculosus,5°C Control,22,0.873804057,NA,1,"Data, Figure 3"
Vandendriessche et al. 2007,10.1016/j.jembe.2006.11.010,Fucus vesiculosus,5°C Control,27,0.869020283,NA,1,"Data, Figure 3"
Vandendriessche et al. 2007,10.1016/j.jembe.2006.11.010,Fucus vesiculosus,5°C Control,29,0.891599694,NA,1,"Data, Figure 3"
Vandendriessche et al. 2007,10.1016/j.jembe.2006.11.010,Fucus vesiculosus,5°C Control,31,0.890355913,NA,1,"Data, Figure 3"
Vandendriessche et al. 2007,10.1016/j.jembe.2006.11.010,Fucus vesiculosus,5°C Control,35,0.878013777,NA,1,"Data, Figure 3"
Vandendriessche et al. 2007,10.1016/j.jembe.2006.11.010,Fucus vesiculosus,5°C Control,38,0.88872943,NA,1,"Data, Figure 3"
Vandendriessche et al. 2007,10.1016/j.jembe.2006.11.010,Fucus vesiculosus,5°C Control,42,0.908821278,NA,1,"Data, Figure 3"
Vandendriessche et al. 2007,10.1016/j.jembe.2006.11.010,Fucus vesiculosus,5°C Control,45,0.915135859,NA,1,"Data, Figure 3"
Vandendriessche et al. 2007,10.1016/j.jembe.2006.11.010,Fucus vesiculosus,5°C Control,49,0.918867202,NA,1,"Data, Figure 3"
Vandendriessche et al. 2007,10.1016/j.jembe.2006.11.010,Fucus vesiculosus,5°C Control,52,0.912648297,NA,1,"Data, Figure 3"
Vandendriessche et al. 2007,10.1016/j.jembe.2006.11.010,Fucus vesiculosus,5°C Control,63,0.986414083,NA,1,"Data, Figure 3"
Vandendriessche et al. 2007,10.1016/j.jembe.2006.11.010,Fucus vesiculosus,5°C Control,66,1.000956755,NA,1,"Data, Figure 3"
Vandendriessche et al. 2007,10.1016/j.jembe.2006.11.010,Fucus vesiculosus,5°C Control,70,1.001243781,NA,1,"Data, Figure 3"
Vandendriessche et al. 2007,10.1016/j.jembe.2006.11.010,Fucus vesiculosus,5°C Control,73,1.012150785,NA,1,"Data, Figure 3"
Vandendriessche et al. 2007,10.1016/j.jembe.2006.11.010,Fucus vesiculosus,5°C Control,78,1.044584768,NA,1,"Data, Figure 3"
Vandendriessche et al. 2007,10.1016/j.jembe.2006.11.010,Fucus vesiculosus,5°C Control,80,1.040183697,NA,1,"Data, Figure 3"
Vandendriessche et al. 2007,10.1016/j.jembe.2006.11.010,Fucus vesiculosus,5°C Control,84,0.971297359,NA,1,"Data, Figure 3"
Vandendriessche et al. 2007,10.1016/j.jembe.2006.11.010,Fucus vesiculosus,5°C Control,87,1.068216609,NA,1,"Data, Figure 3"
Vandendriessche et al. 2007,10.1016/j.jembe.2006.11.010,Fucus vesiculosus,5°C Control,92,1.06525067,NA,1,"Data, Figure 3"
Vandendriessche et al. 2007,10.1016/j.jembe.2006.11.010,Fucus vesiculosus,5°C Control,94,1.067068504,NA,1,"Data, Figure 3"
Vandendriessche et al. 2007,10.1016/j.jembe.2006.11.010,Fucus vesiculosus,5°C Control,98,1.058457711,NA,1,"Data, Figure 3"
Vandendriessche et al. 2007,10.1016/j.jembe.2006.11.010,Fucus vesiculosus,5°C Control,104,1.077784156,NA,1,"Data, Figure 3"
Vandendriessche et al. 2007,10.1016/j.jembe.2006.11.010,Fucus vesiculosus,5°C Control,108,1.070034443,NA,1,"Data, Figure 3"
Vandendriessche et al. 2007,10.1016/j.jembe.2006.11.010,Fucus vesiculosus,5°C Control,115,1.07854956,NA,1,"Data, Figure 3"
Vandendriessche et al. 2007,10.1016/j.jembe.2006.11.010,Fucus vesiculosus,5°C Control,119,1.064006889,NA,1,"Data, Figure 3"
Vandendriessche et al. 2007,10.1016/j.jembe.2006.11.010,Fucus vesiculosus,5°C Control,121,0.992250287,NA,1,"Data, Figure 3"
Vandendriessche et al. 2007,10.1016/j.jembe.2006.11.010,Fucus vesiculosus,5°C Control,127,1.02238806,NA,1,"Data, Figure 3"
Vandendriessche et al. 2007,10.1016/j.jembe.2006.11.010,Fucus vesiculosus,5°C Control,129,1.035973976,NA,1,"Data, Figure 3"
Vandendriessche et al. 2007,10.1016/j.jembe.2006.11.010,Fucus vesiculosus,5°C Control,134,1.061040949,NA,1,"Data, Figure 3"
Vandendriessche et al. 2007,10.1016/j.jembe.2006.11.010,Fucus vesiculosus,5°C Control,140,1.054726368,NA,1,"Data, Figure 3"
Vandendriessche et al. 2007,10.1016/j.jembe.2006.11.010,Fucus vesiculosus,5°C Control,143,1.022292384,NA,1,"Data, Figure 3"
Vandendriessche et al. 2007,10.1016/j.jembe.2006.11.010,Fucus vesiculosus,5°C Control,147,1.080558745,NA,1,"Data, Figure 3"
Vandendriessche et al. 2007,10.1016/j.jembe.2006.11.010,Fucus vesiculosus,5°C Control,150,1.081802526,NA,1,"Data, Figure 3"
Vandendriessche et al. 2007,10.1016/j.jembe.2006.11.010,Fucus vesiculosus,5°C Control,155,1.112705702,NA,1,"Data, Figure 3"
Vandendriessche et al. 2007,10.1016/j.jembe.2006.11.010,Fucus vesiculosus,5°C Control,157,1.103233831,NA,1,"Data, Figure 3"
Vandendriessche et al. 2007,10.1016/j.jembe.2006.11.010,Fucus vesiculosus,5°C Control,164,1.139494834,NA,1,"Data, Figure 3"
Vandendriessche et al. 2007,10.1016/j.jembe.2006.11.010,Fucus vesiculosus,5°C Control,176,1.161882893,NA,1,"Data, Figure 3"
Vandendriessche et al. 2007,10.1016/j.jembe.2006.11.010,Fucus vesiculosus,5°C Control,182,1.181305013,NA,1,"Data, Figure 3"
Vandendriessche et al. 2007,10.1016/j.jembe.2006.11.010,Fucus vesiculosus,5°C Control,185,1.176712591,NA,1,"Data, Figure 3"
Vandendriessche et al. 2007,10.1016/j.jembe.2006.11.010,Fucus vesiculosus,5°C Control,191,1.202640643,NA,1,"Data, Figure 3"
Vandendriessche et al. 2007,10.1016/j.jembe.2006.11.010,Fucus vesiculosus,5°C Control,199,1.25401837,NA,1,"Data, Figure 3"
Vandendriessche et al. 2007,10.1016/j.jembe.2006.11.010,Fucus vesiculosus,5°C Control,204,1.275449675,NA,1,"Data, Figure 3"
Vandendriessche et al. 2007,10.1016/j.jembe.2006.11.010,Fucus vesiculosus,5°C Control,206,1.258132415,NA,1,"Data, Figure 3"
Vandendriessche et al. 2007,10.1016/j.jembe.2006.11.010,Fucus vesiculosus,5°C Control,210,1.325679296,NA,1,"Data, Figure 3"
Vandendriessche et al. 2007,10.1016/j.jembe.2006.11.010,Fucus vesiculosus,5°C Control,220,1.347684654,NA,1,"Data, Figure 3"
Vandendriessche et al. 2007,10.1016/j.jembe.2006.11.010,Fucus vesiculosus,5°C Control,0,1,NA,1,"Data, Figure 3"
Vandendriessche et al. 2007,10.1016/j.jembe.2006.11.010,Fucus vesiculosus,5°C Control,1,0.896425073,NA,1,"Data, Figure 3"
Vandendriessche et al. 2007,10.1016/j.jembe.2006.11.010,Fucus vesiculosus,5°C Control,2,0.930705191,NA,1,"Data, Figure 3"
Vandendriessche et al. 2007,10.1016/j.jembe.2006.11.010,Fucus vesiculosus,5°C Control,3,0.900832517,NA,1,"Data, Figure 3"
Vandendriessche et al. 2007,10.1016/j.jembe.2006.11.010,Fucus vesiculosus,5°C Control,7,0.926297747,NA,1,"Data, Figure 3"
Vandendriessche et al. 2007,10.1016/j.jembe.2006.11.010,Fucus vesiculosus,5°C Control,10,0.935847209,NA,1,"Data, Figure 3"
Vandendriessche et al. 2007,10.1016/j.jembe.2006.11.010,Fucus vesiculosus,5°C Control,14,0.943519425,NA,1,"Data, Figure 3"
Vandendriessche et al. 2007,10.1016/j.jembe.2006.11.010,Fucus vesiculosus,5°C Control,16,0.954619654,NA,1,"Data, Figure 3"
Vandendriessche et al. 2007,10.1016/j.jembe.2006.11.010,Fucus vesiculosus,5°C Control,17,0.954048319,NA,1,"Data, Figure 3"
Vandendriessche et al. 2007,10.1016/j.jembe.2006.11.010,Fucus vesiculosus,5°C Control,20,0.955354228,NA,1,"Data, Figure 3"
Vandendriessche et al. 2007,10.1016/j.jembe.2006.11.010,Fucus vesiculosus,5°C Control,22,0.975024486,NA,1,"Data, Figure 3"
Vandendriessche et al. 2007,10.1016/j.jembe.2006.11.010,Fucus vesiculosus,5°C Control,27,0.984655566,NA,1,"Data, Figure 3"
Vandendriessche et al. 2007,10.1016/j.jembe.2006.11.010,Fucus vesiculosus,5°C Control,29,0.988001959,NA,1,"Data, Figure 3"
Vandendriessche et al. 2007,10.1016/j.jembe.2006.11.010,Fucus vesiculosus,5°C Control,31,1.009222984,NA,1,"Data, Figure 3"
Vandendriessche et al. 2007,10.1016/j.jembe.2006.11.010,Fucus vesiculosus,5°C Control,35,1.008325171,NA,1,"Data, Figure 3"
Vandendriessche et al. 2007,10.1016/j.jembe.2006.11.010,Fucus vesiculosus,5°C Control,38,1.017874633,NA,1,"Data, Figure 3"
Vandendriessche et al. 2007,10.1016/j.jembe.2006.11.010,Fucus vesiculosus,5°C Control,42,1.027832191,NA,1,"Data, Figure 3"
Vandendriessche et al. 2007,10.1016/j.jembe.2006.11.010,Fucus vesiculosus,5°C Control,45,1.009141365,NA,1,"Data, Figure 3"
Vandendriessche et al. 2007,10.1016/j.jembe.2006.11.010,Fucus vesiculosus,5°C Control,49,1.026036565,NA,1,"Data, Figure 3"
Vandendriessche et al. 2007,10.1016/j.jembe.2006.11.010,Fucus vesiculosus,5°C Control,52,1.053705517,NA,1,"Data, Figure 3"
Vandendriessche et al. 2007,10.1016/j.jembe.2006.11.010,Fucus vesiculosus,5°C Control,63,1.073702253,NA,1,"Data, Figure 3"
Vandendriessche et al. 2007,10.1016/j.jembe.2006.11.010,Fucus vesiculosus,5°C Control,66,1.104227881,NA,1,"Data, Figure 3"
Vandendriessche et al. 2007,10.1016/j.jembe.2006.11.010,Fucus vesiculosus,5°C Control,70,1.122020895,NA,1,"Data, Figure 3"
Vandendriessche et al. 2007,10.1016/j.jembe.2006.11.010,Fucus vesiculosus,5°C Control,73,1.1456905,NA,1,"Data, Figure 3"
Vandendriessche et al. 2007,10.1016/j.jembe.2006.11.010,Fucus vesiculosus,5°C Control,78,1.143894874,NA,1,"Data, Figure 3"
Vandendriessche et al. 2007,10.1016/j.jembe.2006.11.010,Fucus vesiculosus,5°C Control,80,1.163320274,NA,1,"Data, Figure 3"
Vandendriessche et al. 2007,10.1016/j.jembe.2006.11.010,Fucus vesiculosus,5°C Control,84,1.186663402,NA,1,"Data, Figure 3"
Vandendriessche et al. 2007,10.1016/j.jembe.2006.11.010,Fucus vesiculosus,5°C Control,87,1.187806072,NA,1,"Data, Figure 3"
Vandendriessche et al. 2007,10.1016/j.jembe.2006.11.010,Fucus vesiculosus,5°C Control,92,1.172951355,NA,1,"Data, Figure 3"
Vandendriessche et al. 2007,10.1016/j.jembe.2006.11.010,Fucus vesiculosus,5°C Control,94,1.177848515,NA,1,"Data, Figure 3"
Vandendriessche et al. 2007,10.1016/j.jembe.2006.11.010,Fucus vesiculosus,5°C Control,98,1.187561214,NA,1,"Data, Figure 3"
Vandendriessche et al. 2007,10.1016/j.jembe.2006.11.010,Fucus vesiculosus,5°C Control,104,1.218739798,NA,1,"Data, Figure 3"
Vandendriessche et al. 2007,10.1016/j.jembe.2006.11.010,Fucus vesiculosus,5°C Control,108,1.274567418,NA,1,"Data, Figure 3"
Vandendriessche et al. 2007,10.1016/j.jembe.2006.11.010,Fucus vesiculosus,5°C Control,115,1.281096964,NA,1,"Data, Figure 3"
Vandendriessche et al. 2007,10.1016/j.jembe.2006.11.010,Fucus vesiculosus,5°C Control,119,1.341984982,NA,1,"Data, Figure 3"
Vandendriessche et al. 2007,10.1016/j.jembe.2006.11.010,Fucus vesiculosus,5°C Control,121,1.341495266,NA,1,"Data, Figure 3"
Vandendriessche et al. 2007,10.1016/j.jembe.2006.11.010,Fucus vesiculosus,5°C Control,127,1.382794646,NA,1,"Data, Figure 3"
Vandendriessche et al. 2007,10.1016/j.jembe.2006.11.010,Fucus vesiculosus,5°C Control,129,1.430215475,NA,1,"Data, Figure 3"
Vandendriessche et al. 2007,10.1016/j.jembe.2006.11.010,Fucus vesiculosus,5°C Control,134,1.46718903,NA,1,"Data, Figure 3"
Vandendriessche et al. 2007,10.1016/j.jembe.2006.11.010,Fucus vesiculosus,5°C Control,140,1.555746001,NA,1,"Data, Figure 3"
Vandendriessche et al. 2007,10.1016/j.jembe.2006.11.010,Fucus vesiculosus,5°C Control,143,1.590760692,NA,1,"Data, Figure 3"
Vandendriessche et al. 2007,10.1016/j.jembe.2006.11.010,Fucus vesiculosus,5°C Control,147,1.662748939,NA,1,"Data, Figure 3"
Vandendriessche et al. 2007,10.1016/j.jembe.2006.11.010,Fucus vesiculosus,5°C Control,150,1.680623572,NA,1,"Data, Figure 3"
Vandendriessche et al. 2007,10.1016/j.jembe.2006.11.010,Fucus vesiculosus,5°C Control,155,1.747061704,NA,1,"Data, Figure 3"
Vandendriessche et al. 2007,10.1016/j.jembe.2006.11.010,Fucus vesiculosus,5°C Control,157,1.787300033,NA,1,"Data, Figure 3"
Vandendriessche et al. 2007,10.1016/j.jembe.2006.11.010,Fucus vesiculosus,5°C Control,164,1.865981064,NA,1,"Data, Figure 3"
Vandendriessche et al. 2007,10.1016/j.jembe.2006.11.010,Fucus vesiculosus,5°C Control,176,1.897322886,NA,1,"Data, Figure 3"
Vandendriessche et al. 2007,10.1016/j.jembe.2006.11.010,Fucus vesiculosus,5°C Control,182,2.064968985,NA,1,"Data, Figure 3"
Vandendriessche et al. 2007,10.1016/j.jembe.2006.11.010,Fucus vesiculosus,5°C Control,185,2.059745348,NA,1,"Data, Figure 3"
Vandendriessche et al. 2007,10.1016/j.jembe.2006.11.010,Fucus vesiculosus,5°C Control,191,2.026281423,NA,1,"Data, Figure 3"
Vandendriessche et al. 2007,10.1016/j.jembe.2006.11.010,Fucus vesiculosus,5°C Control,199,2.048645119,NA,1,"Data, Figure 3"
Vandendriessche et al. 2007,10.1016/j.jembe.2006.11.010,Fucus vesiculosus,5°C Control,204,2.079660464,NA,1,"Data, Figure 3"
Vandendriessche et al. 2007,10.1016/j.jembe.2006.11.010,Fucus vesiculosus,5°C Control,206,2.069866144,NA,1,"Data, Figure 3"
Vandendriessche et al. 2007,10.1016/j.jembe.2006.11.010,Fucus vesiculosus,5°C Control,210,2.130264447,NA,1,"Data, Figure 3"
Vandendriessche et al. 2007,10.1016/j.jembe.2006.11.010,Fucus vesiculosus,5°C Control,220,2.13834476,NA,1,"Data, Figure 3"
Vandendriessche et al. 2007,10.1016/j.jembe.2006.11.010,Fucus vesiculosus,5°C Control,0,1,NA,1,"Data, Figure 3"
Vandendriessche et al. 2007,10.1016/j.jembe.2006.11.010,Fucus vesiculosus,5°C Control,1,0.947452363,NA,1,"Data, Figure 3"
Vandendriessche et al. 2007,10.1016/j.jembe.2006.11.010,Fucus vesiculosus,5°C Control,2,0.939729707,NA,1,"Data, Figure 3"
Vandendriessche et al. 2007,10.1016/j.jembe.2006.11.010,Fucus vesiculosus,5°C Control,3,0.973978007,NA,1,"Data, Figure 3"
Vandendriessche et al. 2007,10.1016/j.jembe.2006.11.010,Fucus vesiculosus,5°C Control,7,0.960799127,NA,1,"Data, Figure 3"
Vandendriessche et al. 2007,10.1016/j.jembe.2006.11.010,Fucus vesiculosus,5°C Control,10,0.976915974,NA,1,"Data, Figure 3"
Vandendriessche et al. 2007,10.1016/j.jembe.2006.11.010,Fucus vesiculosus,5°C Control,14,0.97322253,NA,1,"Data, Figure 3"
Vandendriessche et al. 2007,10.1016/j.jembe.2006.11.010,Fucus vesiculosus,5°C Control,16,0.998489046,NA,1,"Data, Figure 3"
Vandendriessche et al. 2007,10.1016/j.jembe.2006.11.010,Fucus vesiculosus,5°C Control,17,0.97893058,NA,1,"Data, Figure 3"
Vandendriessche et al. 2007,10.1016/j.jembe.2006.11.010,Fucus vesiculosus,5°C Control,20,0.987744481,NA,1,"Data, Figure 3"
Vandendriessche et al. 2007,10.1016/j.jembe.2006.11.010,Fucus vesiculosus,5°C Control,22,1.002434315,NA,1,"Data, Figure 3"
Vandendriessche et al. 2007,10.1016/j.jembe.2006.11.010,Fucus vesiculosus,5°C Control,27,1.004784689,NA,1,"Data, Figure 3"
Vandendriessche et al. 2007,10.1016/j.jembe.2006.11.010,Fucus vesiculosus,5°C Control,29,1.014689835,NA,1,"Data, Figure 3"
Vandendriessche et al. 2007,10.1016/j.jembe.2006.11.010,Fucus vesiculosus,5°C Control,31,1.024175271,NA,1,"Data, Figure 3"
Vandendriessche et al. 2007,10.1016/j.jembe.2006.11.010,Fucus vesiculosus,5°C Control,35,1.031058508,NA,1,"Data, Figure 3"
Vandendriessche et al. 2007,10.1016/j.jembe.2006.11.010,Fucus vesiculosus,5°C Control,38,1.029799379,NA,1,"Data, Figure 3"
Vandendriessche et al. 2007,10.1016/j.jembe.2006.11.010,Fucus vesiculosus,5°C Control,42,1.061613364,NA,1,"Data, Figure 3"
Vandendriessche et al. 2007,10.1016/j.jembe.2006.11.010,Fucus vesiculosus,5°C Control,45,1.060270293,NA,1,"Data, Figure 3"
Vandendriessche et al. 2007,10.1016/j.jembe.2006.11.010,Fucus vesiculosus,5°C Control,49,1.086879879,NA,1,"Data, Figure 3"
Vandendriessche et al. 2007,10.1016/j.jembe.2006.11.010,Fucus vesiculosus,5°C Control,52,1.08646017,NA,1,"Data, Figure 3"
Vandendriessche et al. 2007,10.1016/j.jembe.2006.11.010,Fucus vesiculosus,5°C Control,63,1.105598926,NA,1,"Data, Figure 3"
Vandendriessche et al. 2007,10.1016/j.jembe.2006.11.010,Fucus vesiculosus,5°C Control,66,1.145471334,NA,1,"Data, Figure 3"
Vandendriessche et al. 2007,10.1016/j.jembe.2006.11.010,Fucus vesiculosus,5°C Control,70,1.144547973,NA,1,"Data, Figure 3"
Vandendriessche et al. 2007,10.1016/j.jembe.2006.11.010,Fucus vesiculosus,5°C Control,73,1.176613783,NA,1,"Data, Figure 3"
Vandendriessche et al. 2007,10.1016/j.jembe.2006.11.010,Fucus vesiculosus,5°C Control,78,1.208259884,NA,1,"Data, Figure 3"
Vandendriessche et al. 2007,10.1016/j.jembe.2006.11.010,Fucus vesiculosus,5°C Control,80,1.274657937,NA,1,"Data, Figure 3"
Vandendriessche et al. 2007,10.1016/j.jembe.2006.11.010,Fucus vesiculosus,5°C Control,84,1.288004701,NA,1,"Data, Figure 3"
Vandendriessche et al. 2007,10.1016/j.jembe.2006.11.010,Fucus vesiculosus,5°C Control,87,1.312431797,NA,1,"Data, Figure 3"
Vandendriessche et al. 2007,10.1016/j.jembe.2006.11.010,Fucus vesiculosus,5°C Control,92,1.343070595,NA,1,"Data, Figure 3"
Vandendriessche et al. 2007,10.1016/j.jembe.2006.11.010,Fucus vesiculosus,5°C Control,94,1.367329808,NA,1,"Data, Figure 3"
Vandendriessche et al. 2007,10.1016/j.jembe.2006.11.010,Fucus vesiculosus,5°C Control,98,1.396709477,NA,1,"Data, Figure 3"
Vandendriessche et al. 2007,10.1016/j.jembe.2006.11.010,Fucus vesiculosus,5°C Control,104,1.404264249,NA,1,"Data, Figure 3"
Vandendriessche et al. 2007,10.1016/j.jembe.2006.11.010,Fucus vesiculosus,5°C Control,108,1.455384874,NA,1,"Data, Figure 3"
Vandendriessche et al. 2007,10.1016/j.jembe.2006.11.010,Fucus vesiculosus,5°C Control,115,1.448165869,NA,1,"Data, Figure 3"
Vandendriessche et al. 2007,10.1016/j.jembe.2006.11.010,Fucus vesiculosus,5°C Control,119,1.484428775,NA,1,"Data, Figure 3"
Vandendriessche et al. 2007,10.1016/j.jembe.2006.11.010,Fucus vesiculosus,5°C Control,121,1.510366826,NA,1,"Data, Figure 3"
Vandendriessche et al. 2007,10.1016/j.jembe.2006.11.010,Fucus vesiculosus,5°C Control,127,1.546881558,NA,1,"Data, Figure 3"
Vandendriessche et al. 2007,10.1016/j.jembe.2006.11.010,Fucus vesiculosus,5°C Control,129,1.57508604,NA,1,"Data, Figure 3"
Vandendriessche et al. 2007,10.1016/j.jembe.2006.11.010,Fucus vesiculosus,5°C Control,134,1.599345253,NA,1,"Data, Figure 3"
Vandendriessche et al. 2007,10.1016/j.jembe.2006.11.010,Fucus vesiculosus,5°C Control,140,1.649626458,NA,1,"Data, Figure 3"
Vandendriessche et al. 2007,10.1016/j.jembe.2006.11.010,Fucus vesiculosus,5°C Control,143,1.630235877,NA,1,"Data, Figure 3"
Vandendriessche et al. 2007,10.1016/j.jembe.2006.11.010,Fucus vesiculosus,5°C Control,147,1.668429447,NA,1,"Data, Figure 3"
Vandendriessche et al. 2007,10.1016/j.jembe.2006.11.010,Fucus vesiculosus,5°C Control,150,1.665407538,NA,1,"Data, Figure 3"
Vandendriessche et al. 2007,10.1016/j.jembe.2006.11.010,Fucus vesiculosus,5°C Control,155,1.719634013,NA,1,"Data, Figure 3"
Vandendriessche et al. 2007,10.1016/j.jembe.2006.11.010,Fucus vesiculosus,5°C Control,157,1.739528246,NA,1,"Data, Figure 3"
Vandendriessche et al. 2007,10.1016/j.jembe.2006.11.010,Fucus vesiculosus,5°C Control,164,1.791740116,NA,1,"Data, Figure 3"
Vandendriessche et al. 2007,10.1016/j.jembe.2006.11.010,Fucus vesiculosus,5°C Control,176,1.854108957,NA,1,"Data, Figure 3"
Vandendriessche et al. 2007,10.1016/j.jembe.2006.11.010,Fucus vesiculosus,5°C Control,182,1.959791824,NA,1,"Data, Figure 3"
Vandendriessche et al. 2007,10.1016/j.jembe.2006.11.010,Fucus vesiculosus,5°C Control,185,1.960715185,NA,1,"Data, Figure 3"
Vandendriessche et al. 2007,10.1016/j.jembe.2006.11.010,Fucus vesiculosus,5°C Control,191,1.958784521,NA,1,"Data, Figure 3"
Vandendriessche et al. 2007,10.1016/j.jembe.2006.11.010,Fucus vesiculosus,5°C Control,199,2.003441618,NA,1,"Data, Figure 3"
Vandendriessche et al. 2007,10.1016/j.jembe.2006.11.010,Fucus vesiculosus,5°C Control,204,2.052379753,NA,1,"Data, Figure 3"
Vandendriessche et al. 2007,10.1016/j.jembe.2006.11.010,Fucus vesiculosus,5°C Control,206,2.018802988,NA,1,"Data, Figure 3"
Vandendriessche et al. 2007,10.1016/j.jembe.2006.11.010,Fucus vesiculosus,5°C Control,210,2.024762864,NA,1,"Data, Figure 3"
Vandendriessche et al. 2007,10.1016/j.jembe.2006.11.010,Fucus vesiculosus,5°C Control,220,2.026273819,NA,1,"Data, Figure 3"
Vandendriessche et al. 2007,10.1016/j.jembe.2006.11.010,Fucus vesiculosus,5°C Grazed,0,1,NA,1,"Data, Figure 3"
Vandendriessche et al. 2007,10.1016/j.jembe.2006.11.010,Fucus vesiculosus,5°C Grazed,1,0.943797638,NA,1,"Data, Figure 3"
Vandendriessche et al. 2007,10.1016/j.jembe.2006.11.010,Fucus vesiculosus,5°C Grazed,2,0.921266438,NA,1,"Data, Figure 3"
Vandendriessche et al. 2007,10.1016/j.jembe.2006.11.010,Fucus vesiculosus,5°C Grazed,3,0.947818075,NA,1,"Data, Figure 3"
Vandendriessche et al. 2007,10.1016/j.jembe.2006.11.010,Fucus vesiculosus,5°C Grazed,7,0.957450373,NA,1,"Data, Figure 3"
Vandendriessche et al. 2007,10.1016/j.jembe.2006.11.010,Fucus vesiculosus,5°C Grazed,10,0.94547282,NA,1,"Data, Figure 3"
Vandendriessche et al. 2007,10.1016/j.jembe.2006.11.010,Fucus vesiculosus,5°C Grazed,14,0.959293073,NA,1,"Data, Figure 3"
Vandendriessche et al. 2007,10.1016/j.jembe.2006.11.010,Fucus vesiculosus,5°C Grazed,16,0.949325739,NA,1,"Data, Figure 3"
Vandendriessche et al. 2007,10.1016/j.jembe.2006.11.010,Fucus vesiculosus,5°C Grazed,17,0.962643437,NA,1,"Data, Figure 3"
Vandendriessche et al. 2007,10.1016/j.jembe.2006.11.010,Fucus vesiculosus,5°C Grazed,20,0.946729207,NA,1,"Data, Figure 3"
Vandendriessche et al. 2007,10.1016/j.jembe.2006.11.010,Fucus vesiculosus,5°C Grazed,22,0.949074462,NA,1,"Data, Figure 3"
Vandendriessche et al. 2007,10.1016/j.jembe.2006.11.010,Fucus vesiculosus,5°C Grazed,27,0.950330848,NA,1,"Data, Figure 3"
Vandendriessche et al. 2007,10.1016/j.jembe.2006.11.010,Fucus vesiculosus,5°C Grazed,29,0.936929391,NA,1,"Data, Figure 3"
Vandendriessche et al. 2007,10.1016/j.jembe.2006.11.010,Fucus vesiculosus,5°C Grazed,31,0.945640338,NA,1,"Data, Figure 3"
Vandendriessche et al. 2007,10.1016/j.jembe.2006.11.010,Fucus vesiculosus,5°C Grazed,35,0.930647458,NA,1,"Data, Figure 3"
Vandendriessche et al. 2007,10.1016/j.jembe.2006.11.010,Fucus vesiculosus,5°C Grazed,38,0.939023369,NA,1,"Data, Figure 3"
Vandendriessche et al. 2007,10.1016/j.jembe.2006.11.010,Fucus vesiculosus,5°C Grazed,42,0.944635229,NA,1,"Data, Figure 3"
Vandendriessche et al. 2007,10.1016/j.jembe.2006.11.010,Fucus vesiculosus,5°C Grazed,45,0.941452383,NA,1,"Data, Figure 3"
Vandendriessche et al. 2007,10.1016/j.jembe.2006.11.010,Fucus vesiculosus,5°C Grazed,49,0.936343077,NA,1,"Data, Figure 3"
Vandendriessche et al. 2007,10.1016/j.jembe.2006.11.010,Fucus vesiculosus,5°C Grazed,52,0.942876288,NA,1,"Data, Figure 3"
Vandendriessche et al. 2007,10.1016/j.jembe.2006.11.010,Fucus vesiculosus,5°C Grazed,63,0.96147081,NA,1,"Data, Figure 3"
Vandendriessche et al. 2007,10.1016/j.jembe.2006.11.010,Fucus vesiculosus,5°C Grazed,66,0.925203116,NA,1,"Data, Figure 3"
Vandendriessche et al. 2007,10.1016/j.jembe.2006.11.010,Fucus vesiculosus,5°C Grazed,70,0.931820085,NA,1,"Data, Figure 3"
Vandendriessche et al. 2007,10.1016/j.jembe.2006.11.010,Fucus vesiculosus,5°C Grazed,73,0.937515705,NA,1,"Data, Figure 3"
Vandendriessche et al. 2007,10.1016/j.jembe.2006.11.010,Fucus vesiculosus,5°C Grazed,78,0.943881397,NA,1,"Data, Figure 3"
Vandendriessche et al. 2007,10.1016/j.jembe.2006.11.010,Fucus vesiculosus,5°C Grazed,80,0.947818075,NA,1,"Data, Figure 3"
Vandendriessche et al. 2007,10.1016/j.jembe.2006.11.010,Fucus vesiculosus,5°C Grazed,84,0.951252199,NA,1,"Data, Figure 3"
Vandendriessche et al. 2007,10.1016/j.jembe.2006.11.010,Fucus vesiculosus,5°C Grazed,87,0.879135606,NA,1,"Data, Figure 3"
Vandendriessche et al. 2007,10.1016/j.jembe.2006.11.010,Fucus vesiculosus,5°C Grazed,92,0.902755675,NA,1,"Data, Figure 3"
Vandendriessche et al. 2007,10.1016/j.jembe.2006.11.010,Fucus vesiculosus,5°C Grazed,94,0.888097831,NA,1,"Data, Figure 3"
Vandendriessche et al. 2007,10.1016/j.jembe.2006.11.010,Fucus vesiculosus,5°C Grazed,98,0.894966078,NA,1,"Data, Figure 3"
Vandendriessche et al. 2007,10.1016/j.jembe.2006.11.010,Fucus vesiculosus,5°C Grazed,104,0.915905855,NA,1,"Data, Figure 3"
Vandendriessche et al. 2007,10.1016/j.jembe.2006.11.010,Fucus vesiculosus,5°C Grazed,108,0.945305302,NA,1,"Data, Figure 3"
Vandendriessche et al. 2007,10.1016/j.jembe.2006.11.010,Fucus vesiculosus,5°C Grazed,115,0.915487059,NA,1,"Data, Figure 3"
Vandendriessche et al. 2007,10.1016/j.jembe.2006.11.010,Fucus vesiculosus,5°C Grazed,119,0.921433956,NA,1,"Data, Figure 3"
Vandendriessche et al. 2007,10.1016/j.jembe.2006.11.010,Fucus vesiculosus,5°C Grazed,121,0.917999832,NA,1,"Data, Figure 3"
Vandendriessche et al. 2007,10.1016/j.jembe.2006.11.010,Fucus vesiculosus,5°C Grazed,127,0.924281766,NA,1,"Data, Figure 3"
Vandendriessche et al. 2007,10.1016/j.jembe.2006.11.010,Fucus vesiculosus,5°C Grazed,129,0.935756764,NA,1,"Data, Figure 3"
Vandendriessche et al. 2007,10.1016/j.jembe.2006.11.010,Fucus vesiculosus,5°C Grazed,134,0.931652567,NA,1,"Data, Figure 3"
Vandendriessche et al. 2007,10.1016/j.jembe.2006.11.010,Fucus vesiculosus,5°C Grazed,140,0.95393249,NA,1,"Data, Figure 3"
Vandendriessche et al. 2007,10.1016/j.jembe.2006.11.010,Fucus vesiculosus,5°C Grazed,143,0.943881397,NA,1,"Data, Figure 3"
Vandendriessche et al. 2007,10.1016/j.jembe.2006.11.010,Fucus vesiculosus,5°C Grazed,147,0.937599464,NA,1,"Data, Figure 3"
Vandendriessche et al. 2007,10.1016/j.jembe.2006.11.010,Fucus vesiculosus,5°C Grazed,150,0.927213334,NA,1,"Data, Figure 3"
Vandendriessche et al. 2007,10.1016/j.jembe.2006.11.010,Fucus vesiculosus,5°C Grazed,155,0.930647458,NA,1,"Data, Figure 3"
Vandendriessche et al. 2007,10.1016/j.jembe.2006.11.010,Fucus vesiculosus,5°C Grazed,157,1.054443421,NA,1,"Data, Figure 3"
Vandendriessche et al. 2007,10.1016/j.jembe.2006.11.010,Fucus vesiculosus,5°C Grazed,164,1.033419884,NA,1,"Data, Figure 3"
Vandendriessche et al. 2007,10.1016/j.jembe.2006.11.010,Fucus vesiculosus,5°C Grazed,176,0.930061144,NA,1,"Data, Figure 3"
Vandendriessche et al. 2007,10.1016/j.jembe.2006.11.010,Fucus vesiculosus,5°C Grazed,182,0.910545272,NA,1,"Data, Figure 3"
Vandendriessche et al. 2007,10.1016/j.jembe.2006.11.010,Fucus vesiculosus,5°C Grazed,185,0.798810621,NA,1,"Data, Figure 3"
Vandendriessche et al. 2007,10.1016/j.jembe.2006.11.010,Fucus vesiculosus,5°C Grazed,191,0.788005696,NA,1,"Data, Figure 3"
Vandendriessche et al. 2007,10.1016/j.jembe.2006.11.010,Fucus vesiculosus,5°C Grazed,199,0.753161906,NA,1,"Data, Figure 3"
Vandendriessche et al. 2007,10.1016/j.jembe.2006.11.010,Fucus vesiculosus,5°C Grazed,204,0.691850239,NA,1,"Data, Figure 3"
Vandendriessche et al. 2007,10.1016/j.jembe.2006.11.010,Fucus vesiculosus,5°C Grazed,206,0.628444593,NA,1,"Data, Figure 3"
Vandendriessche et al. 2007,10.1016/j.jembe.2006.11.010,Fucus vesiculosus,5°C Grazed,210,0.626015579,NA,1,"Data, Figure 3"
Vandendriessche et al. 2007,10.1016/j.jembe.2006.11.010,Fucus vesiculosus,5°C Grazed,220,0.604740766,NA,1,"Data, Figure 3"
Vandendriessche et al. 2007,10.1016/j.jembe.2006.11.010,Fucus vesiculosus,5°C Grazed,0,1,NA,1,"Data, Figure 3"
Vandendriessche et al. 2007,10.1016/j.jembe.2006.11.010,Fucus vesiculosus,5°C Grazed,1,0.936788668,NA,1,"Data, Figure 3"
Vandendriessche et al. 2007,10.1016/j.jembe.2006.11.010,Fucus vesiculosus,5°C Grazed,2,0.903709162,NA,1,"Data, Figure 3"
Vandendriessche et al. 2007,10.1016/j.jembe.2006.11.010,Fucus vesiculosus,5°C Grazed,3,0.938999427,NA,1,"Data, Figure 3"
Vandendriessche et al. 2007,10.1016/j.jembe.2006.11.010,Fucus vesiculosus,5°C Grazed,7,0.929419471,NA,1,"Data, Figure 3"
Vandendriessche et al. 2007,10.1016/j.jembe.2006.11.010,Fucus vesiculosus,5°C Grazed,10,0.925571113,NA,1,"Data, Figure 3"
Vandendriessche et al. 2007,10.1016/j.jembe.2006.11.010,Fucus vesiculosus,5°C Grazed,14,0.920903955,NA,1,"Data, Figure 3"
Vandendriessche et al. 2007,10.1016/j.jembe.2006.11.010,Fucus vesiculosus,5°C Grazed,16,0.923278474,NA,1,"Data, Figure 3"
Vandendriessche et al. 2007,10.1016/j.jembe.2006.11.010,Fucus vesiculosus,5°C Grazed,17,0.93089331,NA,1,"Data, Figure 3"
Vandendriessche et al. 2007,10.1016/j.jembe.2006.11.010,Fucus vesiculosus,5°C Grazed,20,0.916073037,NA,1,"Data, Figure 3"
Vandendriessche et al. 2007,10.1016/j.jembe.2006.11.010,Fucus vesiculosus,5°C Grazed,22,0.935314828,NA,1,"Data, Figure 3"
Vandendriessche et al. 2007,10.1016/j.jembe.2006.11.010,Fucus vesiculosus,5°C Grazed,27,0.951281421,NA,1,"Data, Figure 3"
Vandendriessche et al. 2007,10.1016/j.jembe.2006.11.010,Fucus vesiculosus,5°C Grazed,29,0.799312208,NA,1,"Data, Figure 3"
Vandendriessche et al. 2007,10.1016/j.jembe.2006.11.010,Fucus vesiculosus,5°C Grazed,31,0.804961926,NA,1,"Data, Figure 3"
Vandendriessche et al. 2007,10.1016/j.jembe.2006.11.010,Fucus vesiculosus,5°C Grazed,35,0.781052976,NA,1,"Data, Figure 3"
Vandendriessche et al. 2007,10.1016/j.jembe.2006.11.010,Fucus vesiculosus,5°C Grazed,38,0.776713338,NA,1,"Data, Figure 3"
Vandendriessche et al. 2007,10.1016/j.jembe.2006.11.010,Fucus vesiculosus,5°C Grazed,42,0.769016622,NA,1,"Data, Figure 3"
Vandendriessche et al. 2007,10.1016/j.jembe.2006.11.010,Fucus vesiculosus,5°C Grazed,45,0.776713338,NA,1,"Data, Figure 3"
Vandendriessche et al. 2007,10.1016/j.jembe.2006.11.010,Fucus vesiculosus,5°C Grazed,49,0.776631458,NA,1,"Data, Figure 3"
Vandendriessche et al. 2007,10.1016/j.jembe.2006.11.010,Fucus vesiculosus,5°C Grazed,52,0.77376566,NA,1,"Data, Figure 3"
Vandendriessche et al. 2007,10.1016/j.jembe.2006.11.010,Fucus vesiculosus,5°C Grazed,63,0.775157619,NA,1,"Data, Figure 3"
Vandendriessche et al. 2007,10.1016/j.jembe.2006.11.010,Fucus vesiculosus,5°C Grazed,66,0.779087857,NA,1,"Data, Figure 3"
Vandendriessche et al. 2007,10.1016/j.jembe.2006.11.010,Fucus vesiculosus,5°C Grazed,70,0.774830099,NA,1,"Data, Figure 3"
Vandendriessche et al. 2007,10.1016/j.jembe.2006.11.010,Fucus vesiculosus,5°C Grazed,73,0.77261934,NA,1,"Data, Figure 3"
Vandendriessche et al. 2007,10.1016/j.jembe.2006.11.010,Fucus vesiculosus,5°C Grazed,78,0.77384754,NA,1,"Data, Figure 3"
Vandendriessche et al. 2007,10.1016/j.jembe.2006.11.010,Fucus vesiculosus,5°C Grazed,80,0.777614018,NA,1,"Data, Figure 3"
Vandendriessche et al. 2007,10.1016/j.jembe.2006.11.010,Fucus vesiculosus,5°C Grazed,84,0.783755015,NA,1,"Data, Figure 3"
Vandendriessche et al. 2007,10.1016/j.jembe.2006.11.010,Fucus vesiculosus,5°C Grazed,87,0.785065095,NA,1,"Data, Figure 3"
Vandendriessche et al. 2007,10.1016/j.jembe.2006.11.010,Fucus vesiculosus,5°C Grazed,92,0.789732253,NA,1,"Data, Figure 3"
Vandendriessche et al. 2007,10.1016/j.jembe.2006.11.010,Fucus vesiculosus,5°C Grazed,94,0.791287972,NA,1,"Data, Figure 3"
Vandendriessche et al. 2007,10.1016/j.jembe.2006.11.010,Fucus vesiculosus,5°C Grazed,98,0.778514697,NA,1,"Data, Figure 3"
Vandendriessche et al. 2007,10.1016/j.jembe.2006.11.010,Fucus vesiculosus,5°C Grazed,104,0.779579137,NA,1,"Data, Figure 3"
Vandendriessche et al. 2007,10.1016/j.jembe.2006.11.010,Fucus vesiculosus,5°C Grazed,108,0.788995333,NA,1,"Data, Figure 3"
Vandendriessche et al. 2007,10.1016/j.jembe.2006.11.010,Fucus vesiculosus,5°C Grazed,115,0.775239499,NA,1,"Data, Figure 3"
Vandendriessche et al. 2007,10.1016/j.jembe.2006.11.010,Fucus vesiculosus,5°C Grazed,119,0.782444936,NA,1,"Data, Figure 3"
Vandendriessche et al. 2007,10.1016/j.jembe.2006.11.010,Fucus vesiculosus,5°C Grazed,121,0.789732253,NA,1,"Data, Figure 3"
Vandendriessche et al. 2007,10.1016/j.jembe.2006.11.010,Fucus vesiculosus,5°C Grazed,127,0.792434291,NA,1,"Data, Figure 3"
Vandendriessche et al. 2007,10.1016/j.jembe.2006.11.010,Fucus vesiculosus,5°C Grazed,129,0.809301564,NA,1,"Data, Figure 3"
Vandendriessche et al. 2007,10.1016/j.jembe.2006.11.010,Fucus vesiculosus,5°C Grazed,134,0.806190125,NA,1,"Data, Figure 3"
Vandendriessche et al. 2007,10.1016/j.jembe.2006.11.010,Fucus vesiculosus,5°C Grazed,140,0.684925899,NA,1,"Data, Figure 3"
Vandendriessche et al. 2007,10.1016/j.jembe.2006.11.010,Fucus vesiculosus,5°C Grazed,143,0.766805863,NA,1,"Data, Figure 3"
Vandendriessche et al. 2007,10.1016/j.jembe.2006.11.010,Fucus vesiculosus,5°C Grazed,147,0.675264063,NA,1,"Data, Figure 3"
Vandendriessche et al. 2007,10.1016/j.jembe.2006.11.010,Fucus vesiculosus,5°C Grazed,150,0.671743224,NA,1,"Data, Figure 3"
Vandendriessche et al. 2007,10.1016/j.jembe.2006.11.010,Fucus vesiculosus,5°C Grazed,155,0.670924425,NA,1,"Data, Figure 3"
Vandendriessche et al. 2007,10.1016/j.jembe.2006.11.010,Fucus vesiculosus,5°C Grazed,157,0.666257267,NA,1,"Data, Figure 3"
Vandendriessche et al. 2007,10.1016/j.jembe.2006.11.010,Fucus vesiculosus,5°C Grazed,164,0.576762466,NA,1,"Data, Figure 3"
Vandendriessche et al. 2007,10.1016/j.jembe.2006.11.010,Fucus vesiculosus,5°C Grazed,176,0.56922951,NA,1,"Data, Figure 3"
Vandendriessche et al. 2007,10.1016/j.jembe.2006.11.010,Fucus vesiculosus,5°C Grazed,182,0.427904692,NA,1,"Data, Figure 3"
Vandendriessche et al. 2007,10.1016/j.jembe.2006.11.010,Fucus vesiculosus,5°C Grazed,185,0.412920658,NA,1,"Data, Figure 3"
Vandendriessche et al. 2007,10.1016/j.jembe.2006.11.010,Fucus vesiculosus,5°C Grazed,191,0.381151232,NA,1,"Data, Figure 3"
Vandendriessche et al. 2007,10.1016/j.jembe.2006.11.010,Fucus vesiculosus,5°C Grazed,199,0.36297388,NA,1,"Data, Figure 3"
Vandendriessche et al. 2007,10.1016/j.jembe.2006.11.010,Fucus vesiculosus,5°C Grazed,204,0.349627446,NA,1,"Data, Figure 3"
Vandendriessche et al. 2007,10.1016/j.jembe.2006.11.010,Fucus vesiculosus,5°C Grazed,206,0.352083845,NA,1,"Data, Figure 3"
Vandendriessche et al. 2007,10.1016/j.jembe.2006.11.010,Fucus vesiculosus,5°C Grazed,210,0.325882257,NA,1,"Data, Figure 3"
Vandendriessche et al. 2007,10.1016/j.jembe.2006.11.010,Fucus vesiculosus,5°C Grazed,220,0.291902072,NA,1,"Data, Figure 3"
Vandendriessche et al. 2007,10.1016/j.jembe.2006.11.010,Fucus vesiculosus,5°C Grazed,0,1,NA,1,"Data, Figure 3"
Vandendriessche et al. 2007,10.1016/j.jembe.2006.11.010,Fucus vesiculosus,5°C Grazed,1,0.948670637,NA,1,"Data, Figure 3"
Vandendriessche et al. 2007,10.1016/j.jembe.2006.11.010,Fucus vesiculosus,5°C Grazed,2,0.95772876,NA,1,"Data, Figure 3"
Vandendriessche et al. 2007,10.1016/j.jembe.2006.11.010,Fucus vesiculosus,5°C Grazed,3,0.967457855,NA,1,"Data, Figure 3"
Vandendriessche et al. 2007,10.1016/j.jembe.2006.11.010,Fucus vesiculosus,5°C Grazed,7,0.949089994,NA,1,"Data, Figure 3"
Vandendriessche et al. 2007,10.1016/j.jembe.2006.11.010,Fucus vesiculosus,5°C Grazed,10,0.966451396,NA,1,"Data, Figure 3"
Vandendriessche et al. 2007,10.1016/j.jembe.2006.11.010,Fucus vesiculosus,5°C Grazed,14,0.957477145,NA,1,"Data, Figure 3"
Vandendriessche et al. 2007,10.1016/j.jembe.2006.11.010,Fucus vesiculosus,5°C Grazed,16,0.954541642,NA,1,"Data, Figure 3"
Vandendriessche et al. 2007,10.1016/j.jembe.2006.11.010,Fucus vesiculosus,5°C Grazed,17,0.967457855,NA,1,"Data, Figure 3"
Vandendriessche et al. 2007,10.1016/j.jembe.2006.11.010,Fucus vesiculosus,5°C Grazed,20,0.962677179,NA,1,"Data, Figure 3"
Vandendriessche et al. 2007,10.1016/j.jembe.2006.11.010,Fucus vesiculosus,5°C Grazed,22,0.970309486,NA,1,"Data, Figure 3"
Vandendriessche et al. 2007,10.1016/j.jembe.2006.11.010,Fucus vesiculosus,5°C Grazed,27,0.986328944,NA,1,"Data, Figure 3"
Vandendriessche et al. 2007,10.1016/j.jembe.2006.11.010,Fucus vesiculosus,5°C Grazed,29,0.985238614,NA,1,"Data, Figure 3"
Vandendriessche et al. 2007,10.1016/j.jembe.2006.11.010,Fucus vesiculosus,5°C Grazed,31,0.997064497,NA,1,"Data, Figure 3"
Vandendriessche et al. 2007,10.1016/j.jembe.2006.11.010,Fucus vesiculosus,5°C Grazed,35,0.987503145,NA,1,"Data, Figure 3"
Vandendriessche et al. 2007,10.1016/j.jembe.2006.11.010,Fucus vesiculosus,5°C Grazed,38,1.000670972,NA,1,"Data, Figure 3"
Vandendriessche et al. 2007,10.1016/j.jembe.2006.11.010,Fucus vesiculosus,5°C Grazed,42,1.00947748,NA,1,"Data, Figure 3"
Vandendriessche et al. 2007,10.1016/j.jembe.2006.11.010,Fucus vesiculosus,5°C Grazed,45,1.027425983,NA,1,"Data, Figure 3"
Vandendriessche et al. 2007,10.1016/j.jembe.2006.11.010,Fucus vesiculosus,5°C Grazed,49,1.048477732,NA,1,"Data, Figure 3"
Vandendriessche et al. 2007,10.1016/j.jembe.2006.11.010,Fucus vesiculosus,5°C Grazed,52,1.059968129,NA,1,"Data, Figure 3"
Vandendriessche et al. 2007,10.1016/j.jembe.2006.11.010,Fucus vesiculosus,5°C Grazed,63,1.140317034,NA,1,"Data, Figure 3"
Vandendriessche et al. 2007,10.1016/j.jembe.2006.11.010,Fucus vesiculosus,5°C Grazed,66,1.17730437,NA,1,"Data, Figure 3"
Vandendriessche et al. 2007,10.1016/j.jembe.2006.11.010,Fucus vesiculosus,5°C Grazed,70,1.227962761,NA,1,"Data, Figure 3"
Vandendriessche et al. 2007,10.1016/j.jembe.2006.11.010,Fucus vesiculosus,5°C Grazed,73,1.201291621,NA,1,"Data, Figure 3"
Vandendriessche et al. 2007,10.1016/j.jembe.2006.11.010,Fucus vesiculosus,5°C Grazed,78,1.247085465,NA,1,"Data, Figure 3"
Vandendriessche et al. 2007,10.1016/j.jembe.2006.11.010,Fucus vesiculosus,5°C Grazed,80,1.239872515,NA,1,"Data, Figure 3"
Vandendriessche et al. 2007,10.1016/j.jembe.2006.11.010,Fucus vesiculosus,5°C Grazed,84,1.227543404,NA,1,"Data, Figure 3"
Vandendriessche et al. 2007,10.1016/j.jembe.2006.11.010,Fucus vesiculosus,5°C Grazed,87,1.239788644,NA,1,"Data, Figure 3"
Vandendriessche et al. 2007,10.1016/j.jembe.2006.11.010,Fucus vesiculosus,5°C Grazed,92,1.309653611,NA,1,"Data, Figure 3"
Vandendriessche et al. 2007,10.1016/j.jembe.2006.11.010,Fucus vesiculosus,5°C Grazed,94,1.291872851,NA,1,"Data, Figure 3"
Vandendriessche et al. 2007,10.1016/j.jembe.2006.11.010,Fucus vesiculosus,5°C Grazed,98,1.325421454,NA,1,"Data, Figure 3"
Vandendriessche et al. 2007,10.1016/j.jembe.2006.11.010,Fucus vesiculosus,5°C Grazed,104,1.368028181,NA,1,"Data, Figure 3"
Vandendriessche et al. 2007,10.1016/j.jembe.2006.11.010,Fucus vesiculosus,5°C Grazed,108,1.410886522,NA,1,"Data, Figure 3"
Vandendriessche et al. 2007,10.1016/j.jembe.2006.11.010,Fucus vesiculosus,5°C Grazed,115,1.453241634,NA,1,"Data, Figure 3"
Vandendriessche et al. 2007,10.1016/j.jembe.2006.11.010,Fucus vesiculosus,5°C Grazed,119,1.469596578,NA,1,"Data, Figure 3"
Vandendriessche et al. 2007,10.1016/j.jembe.2006.11.010,Fucus vesiculosus,5°C Grazed,121,1.490061226,NA,1,"Data, Figure 3"
Vandendriessche et al. 2007,10.1016/j.jembe.2006.11.010,Fucus vesiculosus,5°C Grazed,127,1.529900193,NA,1,"Data, Figure 3"
Vandendriessche et al. 2007,10.1016/j.jembe.2006.11.010,Fucus vesiculosus,5°C Grazed,129,1.597249015,NA,1,"Data, Figure 3"
Vandendriessche et al. 2007,10.1016/j.jembe.2006.11.010,Fucus vesiculosus,5°C Grazed,134,1.594145769,NA,1,"Data, Figure 3"
Vandendriessche et al. 2007,10.1016/j.jembe.2006.11.010,Fucus vesiculosus,5°C Grazed,140,1.681204395,NA,1,"Data, Figure 3"
Vandendriessche et al. 2007,10.1016/j.jembe.2006.11.010,Fucus vesiculosus,5°C Grazed,143,1.67483016,NA,1,"Data, Figure 3"
Vandendriessche et al. 2007,10.1016/j.jembe.2006.11.010,Fucus vesiculosus,5°C Grazed,147,1.74041768,NA,1,"Data, Figure 3"
Vandendriessche et al. 2007,10.1016/j.jembe.2006.11.010,Fucus vesiculosus,5°C Grazed,150,1.742430596,NA,1,"Data, Figure 3"
Vandendriessche et al. 2007,10.1016/j.jembe.2006.11.010,Fucus vesiculosus,5°C Grazed,155,1.826134362,NA,1,"Data, Figure 3"
Vandendriessche et al. 2007,10.1016/j.jembe.2006.11.010,Fucus vesiculosus,5°C Grazed,157,1.5825715,NA,1,"Data, Figure 3"
Vandendriessche et al. 2007,10.1016/j.jembe.2006.11.010,Fucus vesiculosus,5°C Grazed,164,2.248930638,NA,1,"Data, Figure 3"
Vandendriessche et al. 2007,10.1016/j.jembe.2006.11.010,Fucus vesiculosus,5°C Grazed,176,2.297743856,NA,1,"Data, Figure 3"
Vandendriessche et al. 2007,10.1016/j.jembe.2006.11.010,Fucus vesiculosus,5°C Grazed,182,2.392267047,NA,1,"Data, Figure 3"
Vandendriessche et al. 2007,10.1016/j.jembe.2006.11.010,Fucus vesiculosus,5°C Grazed,185,2.483099891,NA,1,"Data, Figure 3"
Vandendriessche et al. 2007,10.1016/j.jembe.2006.11.010,Fucus vesiculosus,5°C Grazed,191,2.495512874,NA,1,"Data, Figure 3"
Vandendriessche et al. 2007,10.1016/j.jembe.2006.11.010,Fucus vesiculosus,5°C Grazed,199,2.50641617,NA,1,"Data, Figure 3"
Vandendriessche et al. 2007,10.1016/j.jembe.2006.11.010,Fucus vesiculosus,5°C Grazed,204,2.538790573,NA,1,"Data, Figure 3"
Vandendriessche et al. 2007,10.1016/j.jembe.2006.11.010,Fucus vesiculosus,5°C Grazed,206,2.567306886,NA,1,"Data, Figure 3"
Vandendriessche et al. 2007,10.1016/j.jembe.2006.11.010,Fucus vesiculosus,5°C Grazed,210,2.650423551,NA,1,"Data, Figure 3"
Vandendriessche et al. 2007,10.1016/j.jembe.2006.11.010,Fucus vesiculosus,5°C Grazed,220,2.61536526,NA,1,"Data, Figure 3"
Vandendriessche et al. 2007,10.1016/j.jembe.2006.11.010,Ascophyllum nodosum,5°C Control,0,1,NA,1,"Data, Figure 3"
Vandendriessche et al. 2007,10.1016/j.jembe.2006.11.010,Ascophyllum nodosum,5°C Control,1,0.953858314,NA,1,"Data, Figure 3"
Vandendriessche et al. 2007,10.1016/j.jembe.2006.11.010,Ascophyllum nodosum,5°C Control,2,0.95840332,NA,1,"Data, Figure 3"
Vandendriessche et al. 2007,10.1016/j.jembe.2006.11.010,Ascophyllum nodosum,5°C Control,3,0.975298884,NA,1,"Data, Figure 3"
Vandendriessche et al. 2007,10.1016/j.jembe.2006.11.010,Ascophyllum nodosum,5°C Control,7,0.972038336,NA,1,"Data, Figure 3"
Vandendriessche et al. 2007,10.1016/j.jembe.2006.11.010,Ascophyllum nodosum,5°C Control,10,0.988439877,NA,1,"Data, Figure 3"
Vandendriessche et al. 2007,10.1016/j.jembe.2006.11.010,Ascophyllum nodosum,5°C Control,14,1.010967296,NA,1,"Data, Figure 3"
Vandendriessche et al. 2007,10.1016/j.jembe.2006.11.010,Ascophyllum nodosum,5°C Control,16,1.006619899,NA,1,"Data, Figure 3"
Vandendriessche et al. 2007,10.1016/j.jembe.2006.11.010,Ascophyllum nodosum,5°C Control,17,1.015907519,NA,1,"Data, Figure 3"
Vandendriessche et al. 2007,10.1016/j.jembe.2006.11.010,Ascophyllum nodosum,5°C Control,20,1.024404703,NA,1,"Data, Figure 3"
Vandendriessche et al. 2007,10.1016/j.jembe.2006.11.010,Ascophyllum nodosum,5°C Control,22,1.025787966,NA,1,"Data, Figure 3"
Vandendriessche et al. 2007,10.1016/j.jembe.2006.11.010,Ascophyllum nodosum,5°C Control,27,1.034877976,NA,1,"Data, Figure 3"
Vandendriessche et al. 2007,10.1016/j.jembe.2006.11.010,Ascophyllum nodosum,5°C Control,29,1.047030926,NA,1,"Data, Figure 3"
Vandendriessche et al. 2007,10.1016/j.jembe.2006.11.010,Ascophyllum nodosum,5°C Control,31,1.061258769,NA,1,"Data, Figure 3"
Vandendriessche et al. 2007,10.1016/j.jembe.2006.11.010,Ascophyllum nodosum,5°C Control,35,1.069163126,NA,1,"Data, Figure 3"
Vandendriessche et al. 2007,10.1016/j.jembe.2006.11.010,Ascophyllum nodosum,5°C Control,38,1.095148701,NA,1,"Data, Figure 3"
Vandendriessche et al. 2007,10.1016/j.jembe.2006.11.010,Ascophyllum nodosum,5°C Control,42,1.123999605,NA,1,"Data, Figure 3"
Vandendriessche et al. 2007,10.1016/j.jembe.2006.11.010,Ascophyllum nodosum,5°C Control,45,1.147416263,NA,1,"Data, Figure 3"
Vandendriessche et al. 2007,10.1016/j.jembe.2006.11.010,Ascophyllum nodosum,5°C Control,49,1.165695089,NA,1,"Data, Figure 3"
Vandendriessche et al. 2007,10.1016/j.jembe.2006.11.010,Ascophyllum nodosum,5°C Control,52,1.195929256,NA,1,"Data, Figure 3"
Vandendriessche et al. 2007,10.1016/j.jembe.2006.11.010,Ascophyllum nodosum,5°C Control,63,1.267661298,NA,1,"Data, Figure 3"
Vandendriessche et al. 2007,10.1016/j.jembe.2006.11.010,Ascophyllum nodosum,5°C Control,66,1.310443632,NA,1,"Data, Figure 3"
Vandendriessche et al. 2007,10.1016/j.jembe.2006.11.010,Ascophyllum nodosum,5°C Control,70,1.349076178,NA,1,"Data, Figure 3"
Vandendriessche et al. 2007,10.1016/j.jembe.2006.11.010,Ascophyllum nodosum,5°C Control,73,1.372394032,NA,1,"Data, Figure 3"
Vandendriessche et al. 2007,10.1016/j.jembe.2006.11.010,Ascophyllum nodosum,5°C Control,78,1.422389092,NA,1,"Data, Figure 3"
Vandendriessche et al. 2007,10.1016/j.jembe.2006.11.010,Ascophyllum nodosum,5°C Control,80,1.471396107,NA,1,"Data, Figure 3"
Vandendriessche et al. 2007,10.1016/j.jembe.2006.11.010,Ascophyllum nodosum,5°C Control,84,1.511313111,NA,1,"Data, Figure 3"
Vandendriessche et al. 2007,10.1016/j.jembe.2006.11.010,Ascophyllum nodosum,5°C Control,87,1.637190001,NA,1,"Data, Figure 3"
Vandendriessche et al. 2007,10.1016/j.jembe.2006.11.010,Ascophyllum nodosum,5°C Control,92,1.691828871,NA,1,"Data, Figure 3"
Vandendriessche et al. 2007,10.1016/j.jembe.2006.11.010,Ascophyllum nodosum,5°C Control,94,1.636399565,NA,1,"Data, Figure 3"
Vandendriessche et al. 2007,10.1016/j.jembe.2006.11.010,Ascophyllum nodosum,5°C Control,98,1.786384745,NA,1,"Data, Figure 3"
Vandendriessche et al. 2007,10.1016/j.jembe.2006.11.010,Ascophyllum nodosum,5°C Control,104,1.90000988,NA,1,"Data, Figure 3"
Vandendriessche et al. 2007,10.1016/j.jembe.2006.11.010,Ascophyllum nodosum,5°C Control,108,1.989526727,NA,1,"Data, Figure 3"
Vandendriessche et al. 2007,10.1016/j.jembe.2006.11.010,Ascophyllum nodosum,5°C Control,115,2.086552712,NA,1,"Data, Figure 3"
Vandendriessche et al. 2007,10.1016/j.jembe.2006.11.010,Ascophyllum nodosum,5°C Control,119,2.200177848,NA,1,"Data, Figure 3"
Vandendriessche et al. 2007,10.1016/j.jembe.2006.11.010,Ascophyllum nodosum,5°C Control,121,2.227151467,NA,1,"Data, Figure 3"
Vandendriessche et al. 2007,10.1016/j.jembe.2006.11.010,Ascophyllum nodosum,5°C Control,127,2.344333564,NA,1,"Data, Figure 3"
Vandendriessche et al. 2007,10.1016/j.jembe.2006.11.010,Ascophyllum nodosum,5°C Control,129,2.380594803,NA,1,"Data, Figure 3"
Vandendriessche et al. 2007,10.1016/j.jembe.2006.11.010,Ascophyllum nodosum,5°C Control,134,2.479992096,NA,1,"Data, Figure 3"
Vandendriessche et al. 2007,10.1016/j.jembe.2006.11.010,Ascophyllum nodosum,5°C Control,140,2.46527023,NA,1,"Data, Figure 3"
Vandendriessche et al. 2007,10.1016/j.jembe.2006.11.010,Ascophyllum nodosum,5°C Control,143,2.587194941,NA,1,"Data, Figure 3"
Vandendriessche et al. 2007,10.1016/j.jembe.2006.11.010,Ascophyllum nodosum,5°C Control,147,2.763758522,NA,1,"Data, Figure 3"
Vandendriessche et al. 2007,10.1016/j.jembe.2006.11.010,Ascophyllum nodosum,5°C Control,150,2.860685703,NA,1,"Data, Figure 3"
Vandendriessche et al. 2007,10.1016/j.jembe.2006.11.010,Ascophyllum nodosum,5°C Control,155,2.860883312,NA,1,"Data, Figure 3"
Vandendriessche et al. 2007,10.1016/j.jembe.2006.11.010,Ascophyllum nodosum,5°C Control,157,2.92233969,NA,1,"Data, Figure 3"
Vandendriessche et al. 2007,10.1016/j.jembe.2006.11.010,Ascophyllum nodosum,5°C Control,164,3.043473965,NA,1,"Data, Figure 3"
Vandendriessche et al. 2007,10.1016/j.jembe.2006.11.010,Ascophyllum nodosum,5°C Control,176,3.257879656,NA,1,"Data, Figure 3"
Vandendriessche et al. 2007,10.1016/j.jembe.2006.11.010,Ascophyllum nodosum,5°C Control,182,3.312518526,NA,1,"Data, Figure 3"
Vandendriessche et al. 2007,10.1016/j.jembe.2006.11.010,Ascophyllum nodosum,5°C Control,185,3.344926391,NA,1,"Data, Figure 3"
Vandendriessche et al. 2007,10.1016/j.jembe.2006.11.010,Ascophyllum nodosum,5°C Control,191,3.364193262,NA,1,"Data, Figure 3"
Vandendriessche et al. 2007,10.1016/j.jembe.2006.11.010,Ascophyllum nodosum,5°C Control,199,3.226262227,NA,1,"Data, Figure 3"
Vandendriessche et al. 2007,10.1016/j.jembe.2006.11.010,Ascophyllum nodosum,5°C Control,204,3.008892402,NA,1,"Data, Figure 3"
Vandendriessche et al. 2007,10.1016/j.jembe.2006.11.010,Ascophyllum nodosum,5°C Control,206,3.646872839,NA,1,"Data, Figure 3"
Vandendriessche et al. 2007,10.1016/j.jembe.2006.11.010,Ascophyllum nodosum,5°C Control,210,2.447485426,NA,1,"Data, Figure 3"
Vandendriessche et al. 2007,10.1016/j.jembe.2006.11.010,Ascophyllum nodosum,5°C Control,220,1.743503606,NA,1,"Data, Figure 3"
Vandendriessche et al. 2007,10.1016/j.jembe.2006.11.010,Ascophyllum nodosum,5°C Control,0,1,NA,1,"Data, Figure 3"
Vandendriessche et al. 2007,10.1016/j.jembe.2006.11.010,Ascophyllum nodosum,5°C Control,1,0.920794487,NA,1,"Data, Figure 3"
Vandendriessche et al. 2007,10.1016/j.jembe.2006.11.010,Ascophyllum nodosum,5°C Control,2,0.919902716,NA,1,"Data, Figure 3"
Vandendriessche et al. 2007,10.1016/j.jembe.2006.11.010,Ascophyllum nodosum,5°C Control,3,0.929712201,NA,1,"Data, Figure 3"
Vandendriessche et al. 2007,10.1016/j.jembe.2006.11.010,Ascophyllum nodosum,5°C Control,7,0.956059992,NA,1,"Data, Figure 3"
Vandendriessche et al. 2007,10.1016/j.jembe.2006.11.010,Ascophyllum nodosum,5°C Control,10,0.951276854,NA,1,"Data, Figure 3"
Vandendriessche et al. 2007,10.1016/j.jembe.2006.11.010,Ascophyllum nodosum,5°C Control,14,0.928334009,NA,1,"Data, Figure 3"
Vandendriessche et al. 2007,10.1016/j.jembe.2006.11.010,Ascophyllum nodosum,5°C Control,16,0.971139035,NA,1,"Data, Figure 3"
Vandendriessche et al. 2007,10.1016/j.jembe.2006.11.010,Ascophyllum nodosum,5°C Control,17,0.980299959,NA,1,"Data, Figure 3"
Vandendriessche et al. 2007,10.1016/j.jembe.2006.11.010,Ascophyllum nodosum,5°C Control,20,0.985002027,NA,1,"Data, Figure 3"
Vandendriessche et al. 2007,10.1016/j.jembe.2006.11.010,Ascophyllum nodosum,5°C Control,22,0.994487231,NA,1,"Data, Figure 3"
Vandendriessche et al. 2007,10.1016/j.jembe.2006.11.010,Ascophyllum nodosum,5°C Control,27,0.997892177,NA,1,"Data, Figure 3"
Vandendriessche et al. 2007,10.1016/j.jembe.2006.11.010,Ascophyllum nodosum,5°C Control,29,1.035832996,NA,1,"Data, Figure 3"
Vandendriessche et al. 2007,10.1016/j.jembe.2006.11.010,Ascophyllum nodosum,5°C Control,31,1.031698419,NA,1,"Data, Figure 3"
Vandendriessche et al. 2007,10.1016/j.jembe.2006.11.010,Ascophyllum nodosum,5°C Control,35,1.055370896,NA,1,"Data, Figure 3"
Vandendriessche et al. 2007,10.1016/j.jembe.2006.11.010,Ascophyllum nodosum,5°C Control,38,1.075070936,NA,1,"Data, Figure 3"
Vandendriessche et al. 2007,10.1016/j.jembe.2006.11.010,Ascophyllum nodosum,5°C Control,42,1.09006891,NA,1,"Data, Figure 3"
Vandendriessche et al. 2007,10.1016/j.jembe.2006.11.010,Ascophyllum nodosum,5°C Control,45,1.103850831,NA,1,"Data, Figure 3"
Vandendriessche et al. 2007,10.1016/j.jembe.2006.11.010,Ascophyllum nodosum,5°C Control,49,1.124766923,NA,1,"Data, Figure 3"
Vandendriessche et al. 2007,10.1016/j.jembe.2006.11.010,Ascophyllum nodosum,5°C Control,52,1.144710174,NA,1,"Data, Figure 3"
Vandendriessche et al. 2007,10.1016/j.jembe.2006.11.010,Ascophyllum nodosum,5°C Control,63,1.203486015,NA,1,"Data, Figure 3"
Vandendriessche et al. 2007,10.1016/j.jembe.2006.11.010,Ascophyllum nodosum,5°C Control,66,1.263234698,NA,1,"Data, Figure 3"
Vandendriessche et al. 2007,10.1016/j.jembe.2006.11.010,Ascophyllum nodosum,5°C Control,70,1.299310904,NA,1,"Data, Figure 3"
Vandendriessche et al. 2007,10.1016/j.jembe.2006.11.010,Ascophyllum nodosum,5°C Control,73,1.349574382,NA,1,"Data, Figure 3"
Vandendriessche et al. 2007,10.1016/j.jembe.2006.11.010,Ascophyllum nodosum,5°C Control,78,1.40656668,NA,1,"Data, Figure 3"
Vandendriessche et al. 2007,10.1016/j.jembe.2006.11.010,Ascophyllum nodosum,5°C Control,80,1.449939197,NA,1,"Data, Figure 3"
Vandendriessche et al. 2007,10.1016/j.jembe.2006.11.010,Ascophyllum nodosum,5°C Control,84,1.538224564,NA,1,"Data, Figure 3"
Vandendriessche et al. 2007,10.1016/j.jembe.2006.11.010,Ascophyllum nodosum,5°C Control,87,1.591163356,NA,1,"Data, Figure 3"
Vandendriessche et al. 2007,10.1016/j.jembe.2006.11.010,Ascophyllum nodosum,5°C Control,92,1.70352655,NA,1,"Data, Figure 3"
Vandendriessche et al. 2007,10.1016/j.jembe.2006.11.010,Ascophyllum nodosum,5°C Control,94,1.730036482,NA,1,"Data, Figure 3"
Vandendriessche et al. 2007,10.1016/j.jembe.2006.11.010,Ascophyllum nodosum,5°C Control,98,1.816943656,NA,1,"Data, Figure 3"
Vandendriessche et al. 2007,10.1016/j.jembe.2006.11.010,Ascophyllum nodosum,5°C Control,104,2.024402108,NA,1,"Data, Figure 3"
Vandendriessche et al. 2007,10.1016/j.jembe.2006.11.010,Ascophyllum nodosum,5°C Control,108,2.072557762,NA,1,"Data, Figure 3"
Vandendriessche et al. 2007,10.1016/j.jembe.2006.11.010,Ascophyllum nodosum,5°C Control,115,2.215241184,NA,1,"Data, Figure 3"
Vandendriessche et al. 2007,10.1016/j.jembe.2006.11.010,Ascophyllum nodosum,5°C Control,119,2.29679773,NA,1,"Data, Figure 3"
Vandendriessche et al. 2007,10.1016/j.jembe.2006.11.010,Ascophyllum nodosum,5°C Control,121,2.357194974,NA,1,"Data, Figure 3"
Vandendriessche et al. 2007,10.1016/j.jembe.2006.11.010,Ascophyllum nodosum,5°C Control,127,2.46453182,NA,1,"Data, Figure 3"
Vandendriessche et al. 2007,10.1016/j.jembe.2006.11.010,Ascophyllum nodosum,5°C Control,129,2.557438184,NA,1,"Data, Figure 3"
Vandendriessche et al. 2007,10.1016/j.jembe.2006.11.010,Ascophyllum nodosum,5°C Control,134,2.682853668,NA,1,"Data, Figure 3"
Vandendriessche et al. 2007,10.1016/j.jembe.2006.11.010,Ascophyllum nodosum,5°C Control,140,2.798216457,NA,1,"Data, Figure 3"
Vandendriessche et al. 2007,10.1016/j.jembe.2006.11.010,Ascophyllum nodosum,5°C Control,143,2.826672071,NA,1,"Data, Figure 3"
Vandendriessche et al. 2007,10.1016/j.jembe.2006.11.010,Ascophyllum nodosum,5°C Control,147,2.913417106,NA,1,"Data, Figure 3"
Vandendriessche et al. 2007,10.1016/j.jembe.2006.11.010,Ascophyllum nodosum,5°C Control,150,2.997648966,NA,1,"Data, Figure 3"
Vandendriessche et al. 2007,10.1016/j.jembe.2006.11.010,Ascophyllum nodosum,5°C Control,155,3.048885286,NA,1,"Data, Figure 3"
Vandendriessche et al. 2007,10.1016/j.jembe.2006.11.010,Ascophyllum nodosum,5°C Control,157,3.061207945,NA,1,"Data, Figure 3"
Vandendriessche et al. 2007,10.1016/j.jembe.2006.11.010,Ascophyllum nodosum,5°C Control,164,3.237616538,NA,1,"Data, Figure 3"
Vandendriessche et al. 2007,10.1016/j.jembe.2006.11.010,Ascophyllum nodosum,5°C Control,176,3.325496555,NA,1,"Data, Figure 3"
Vandendriessche et al. 2007,10.1016/j.jembe.2006.11.010,Ascophyllum nodosum,5°C Control,182,3.429266315,NA,1,"Data, Figure 3"
Vandendriessche et al. 2007,10.1016/j.jembe.2006.11.010,Ascophyllum nodosum,5°C Control,185,3.451155249,NA,1,"Data, Figure 3"
Vandendriessche et al. 2007,10.1016/j.jembe.2006.11.010,Ascophyllum nodosum,5°C Control,191,3.512768545,NA,1,"Data, Figure 3"
Vandendriessche et al. 2007,10.1016/j.jembe.2006.11.010,Ascophyllum nodosum,5°C Control,199,3.514389947,NA,1,"Data, Figure 3"
Vandendriessche et al. 2007,10.1016/j.jembe.2006.11.010,Ascophyllum nodosum,5°C Control,204,3.417105797,NA,1,"Data, Figure 3"
Vandendriessche et al. 2007,10.1016/j.jembe.2006.11.010,Ascophyllum nodosum,5°C Control,206,3.344953385,NA,1,"Data, Figure 3"
Vandendriessche et al. 2007,10.1016/j.jembe.2006.11.010,Ascophyllum nodosum,5°C Control,210,3.355492501,NA,1,"Data, Figure 3"
Vandendriessche et al. 2007,10.1016/j.jembe.2006.11.010,Ascophyllum nodosum,5°C Control,220,3.037697608,NA,1,"Data, Figure 3"
Vandendriessche et al. 2007,10.1016/j.jembe.2006.11.010,Ascophyllum nodosum,5°C Control,0,1,NA,1,"Data, Figure 3"
Vandendriessche et al. 2007,10.1016/j.jembe.2006.11.010,Ascophyllum nodosum,5°C Control,1,0.949705618,NA,1,"Data, Figure 3"
Vandendriessche et al. 2007,10.1016/j.jembe.2006.11.010,Ascophyllum nodosum,5°C Control,2,0.954395769,NA,1,"Data, Figure 3"
Vandendriessche et al. 2007,10.1016/j.jembe.2006.11.010,Ascophyllum nodosum,5°C Control,3,0.969064964,NA,1,"Data, Figure 3"
Vandendriessche et al. 2007,10.1016/j.jembe.2006.11.010,Ascophyllum nodosum,5°C Control,7,0.960083824,NA,1,"Data, Figure 3"
Vandendriessche et al. 2007,10.1016/j.jembe.2006.11.010,Ascophyllum nodosum,5°C Control,10,0.967667897,NA,1,"Data, Figure 3"
Vandendriessche et al. 2007,10.1016/j.jembe.2006.11.010,Ascophyllum nodosum,5°C Control,14,0.97056182,NA,1,"Data, Figure 3"
Vandendriessche et al. 2007,10.1016/j.jembe.2006.11.010,Ascophyllum nodosum,5°C Control,16,0.979842331,NA,1,"Data, Figure 3"
Vandendriessche et al. 2007,10.1016/j.jembe.2006.11.010,Ascophyllum nodosum,5°C Control,17,0.980041912,NA,1,"Data, Figure 3"
Vandendriessche et al. 2007,10.1016/j.jembe.2006.11.010,Ascophyllum nodosum,5°C Control,20,0.969164754,NA,1,"Data, Figure 3"
Vandendriessche et al. 2007,10.1016/j.jembe.2006.11.010,Ascophyllum nodosum,5°C Control,22,0.975551342,NA,1,"Data, Figure 3"
Vandendriessche et al. 2007,10.1016/j.jembe.2006.11.010,Ascophyllum nodosum,5°C Control,27,0.972158467,NA,1,"Data, Figure 3"
Vandendriessche et al. 2007,10.1016/j.jembe.2006.11.010,Ascophyllum nodosum,5°C Control,29,1.158866381,NA,1,"Data, Figure 3"
Vandendriessche et al. 2007,10.1016/j.jembe.2006.11.010,Ascophyllum nodosum,5°C Control,31,1.169344377,NA,1,"Data, Figure 3"
Vandendriessche et al. 2007,10.1016/j.jembe.2006.11.010,Ascophyllum nodosum,5°C Control,35,1.186109171,NA,1,"Data, Figure 3"
Vandendriessche et al. 2007,10.1016/j.jembe.2006.11.010,Ascophyllum nodosum,5°C Control,38,1.209759505,NA,1,"Data, Figure 3"
Vandendriessche et al. 2007,10.1016/j.jembe.2006.11.010,Ascophyllum nodosum,5°C Control,42,1.223231214,NA,1,"Data, Figure 3"
Vandendriessche et al. 2007,10.1016/j.jembe.2006.11.010,Ascophyllum nodosum,5°C Control,49,1.278714699,NA,1,"Data, Figure 3"
Vandendriessche et al. 2007,10.1016/j.jembe.2006.11.010,Ascophyllum nodosum,5°C Control,52,1.291587666,NA,1,"Data, Figure 3"
Vandendriessche et al. 2007,10.1016/j.jembe.2006.11.010,Ascophyllum nodosum,5°C Control,63,1.347769684,NA,1,"Data, Figure 3"
Vandendriessche et al. 2007,10.1016/j.jembe.2006.11.010,Ascophyllum nodosum,5°C Control,66,1.385191099,NA,1,"Data, Figure 3"
Vandendriessche et al. 2007,10.1016/j.jembe.2006.11.010,Ascophyllum nodosum,5°C Control,70,1.426903503,NA,1,"Data, Figure 3"
Vandendriessche et al. 2007,10.1016/j.jembe.2006.11.010,Ascophyllum nodosum,5°C Control,73,1.466420517,NA,1,"Data, Figure 3"
Vandendriessche et al. 2007,10.1016/j.jembe.2006.11.010,Ascophyllum nodosum,5°C Control,78,1.522402954,NA,1,"Data, Figure 3"
Vandendriessche et al. 2007,10.1016/j.jembe.2006.11.010,Ascophyllum nodosum,5°C Control,80,1.451451951,NA,1,"Data, Figure 3"
Vandendriessche et al. 2007,10.1016/j.jembe.2006.11.010,Ascophyllum nodosum,5°C Control,84,1.565512424,NA,1,"Data, Figure 3"
Vandendriessche et al. 2007,10.1016/j.jembe.2006.11.010,Ascophyllum nodosum,5°C Control,87,1.61221435,NA,1,"Data, Figure 3"
Vandendriessche et al. 2007,10.1016/j.jembe.2006.11.010,Ascophyllum nodosum,5°C Control,92,1.651132621,NA,1,"Data, Figure 3"
Vandendriessche et al. 2007,10.1016/j.jembe.2006.11.010,Ascophyllum nodosum,5°C Control,94,1.692845025,NA,1,"Data, Figure 3"
Vandendriessche et al. 2007,10.1016/j.jembe.2006.11.010,Ascophyllum nodosum,5°C Control,98,1.894421714,NA,1,"Data, Figure 3"
Vandendriessche et al. 2007,10.1016/j.jembe.2006.11.010,Ascophyllum nodosum,5°C Control,104,1.765991418,NA,1,"Data, Figure 3"
Vandendriessche et al. 2007,10.1016/j.jembe.2006.11.010,Ascophyllum nodosum,5°C Control,108,1.823770083,NA,1,"Data, Figure 3"
Vandendriessche et al. 2007,10.1016/j.jembe.2006.11.010,Ascophyllum nodosum,5°C Control,115,1.872767189,NA,1,"Data, Figure 3"
Vandendriessche et al. 2007,10.1016/j.jembe.2006.11.010,Ascophyllum nodosum,5°C Control,119,1.906695939,NA,1,"Data, Figure 3"
Vandendriessche et al. 2007,10.1016/j.jembe.2006.11.010,Ascophyllum nodosum,5°C Control,121,1.937431394,NA,1,"Data, Figure 3"
Vandendriessche et al. 2007,10.1016/j.jembe.2006.11.010,Ascophyllum nodosum,5°C Control,127,1.97275721,NA,1,"Data, Figure 3"
Vandendriessche et al. 2007,10.1016/j.jembe.2006.11.010,Ascophyllum nodosum,5°C Control,129,2.064963576,NA,1,"Data, Figure 3"
Vandendriessche et al. 2007,10.1016/j.jembe.2006.11.010,Ascophyllum nodosum,5°C Control,134,2.049096897,NA,1,"Data, Figure 3"
Vandendriessche et al. 2007,10.1016/j.jembe.2006.11.010,Ascophyllum nodosum,5°C Control,140,2.109270532,NA,1,"Data, Figure 3"
Vandendriessche et al. 2007,10.1016/j.jembe.2006.11.010,Ascophyllum nodosum,5°C Control,143,2.194691149,NA,1,"Data, Figure 3"
Vandendriessche et al. 2007,10.1016/j.jembe.2006.11.010,Ascophyllum nodosum,5°C Control,147,2.184113362,NA,1,"Data, Figure 3"
Vandendriessche et al. 2007,10.1016/j.jembe.2006.11.010,Ascophyllum nodosum,5°C Control,150,2.177527193,NA,1,"Data, Figure 3"
Vandendriessche et al. 2007,10.1016/j.jembe.2006.11.010,Ascophyllum nodosum,5°C Control,155,2.244386788,NA,1,"Data, Figure 3"
Vandendriessche et al. 2007,10.1016/j.jembe.2006.11.010,Ascophyllum nodosum,5°C Control,157,2.624887736,NA,1,"Data, Figure 3"
Vandendriessche et al. 2007,10.1016/j.jembe.2006.11.010,Ascophyllum nodosum,5°C Control,164,1.907893424,NA,1,"Data, Figure 3"
Vandendriessche et al. 2007,10.1016/j.jembe.2006.11.010,Ascophyllum nodosum,5°C Control,176,1.911984832,NA,1,"Data, Figure 3"
Vandendriessche et al. 2007,10.1016/j.jembe.2006.11.010,Ascophyllum nodosum,5°C Control,182,2.104081429,NA,1,"Data, Figure 3"
Vandendriessche et al. 2007,10.1016/j.jembe.2006.11.010,Ascophyllum nodosum,5°C Control,185,2.052489771,NA,1,"Data, Figure 3"
Vandendriessche et al. 2007,10.1016/j.jembe.2006.11.010,Ascophyllum nodosum,5°C Control,191,2.076738848,NA,1,"Data, Figure 3"
Vandendriessche et al. 2007,10.1016/j.jembe.2006.11.010,Ascophyllum nodosum,5°C Control,199,2.170442072,NA,1,"Data, Figure 3"
Vandendriessche et al. 2007,10.1016/j.jembe.2006.11.010,Ascophyllum nodosum,5°C Control,204,2.151481888,NA,1,"Data, Figure 3"
Vandendriessche et al. 2007,10.1016/j.jembe.2006.11.010,Ascophyllum nodosum,5°C Control,206,2.155473506,NA,1,"Data, Figure 3"
Vandendriessche et al. 2007,10.1016/j.jembe.2006.11.010,Ascophyllum nodosum,5°C Control,210,2.258357449,NA,1,"Data, Figure 3"
Vandendriessche et al. 2007,10.1016/j.jembe.2006.11.010,Ascophyllum nodosum,5°C Control,220,2.242490769,NA,1,"Data, Figure 3"
Vandendriessche et al. 2007,10.1016/j.jembe.2006.11.010,Ascophyllum nodosum,5°C Grazed,0,1,NA,1,"Data, Figure 3"
Vandendriessche et al. 2007,10.1016/j.jembe.2006.11.010,Ascophyllum nodosum,5°C Grazed,1,0.936626747,NA,1,"Data, Figure 3"
Vandendriessche et al. 2007,10.1016/j.jembe.2006.11.010,Ascophyllum nodosum,5°C Grazed,2,0.93571191,NA,1,"Data, Figure 3"
Vandendriessche et al. 2007,10.1016/j.jembe.2006.11.010,Ascophyllum nodosum,5°C Grazed,3,0.922571524,NA,1,"Data, Figure 3"
Vandendriessche et al. 2007,10.1016/j.jembe.2006.11.010,Ascophyllum nodosum,5°C Grazed,7,0.914504325,NA,1,"Data, Figure 3"
Vandendriessche et al. 2007,10.1016/j.jembe.2006.11.010,Ascophyllum nodosum,5°C Grazed,10,0.904025283,NA,1,"Data, Figure 3"
Vandendriessche et al. 2007,10.1016/j.jembe.2006.11.010,Ascophyllum nodosum,5°C Grazed,14,0.903359947,NA,1,"Data, Figure 3"
Vandendriessche et al. 2007,10.1016/j.jembe.2006.11.010,Ascophyllum nodosum,5°C Grazed,16,0.913339987,NA,1,"Data, Figure 3"
Vandendriessche et al. 2007,10.1016/j.jembe.2006.11.010,Ascophyllum nodosum,5°C Grazed,17,0.910928144,NA,1,"Data, Figure 3"
Vandendriessche et al. 2007,10.1016/j.jembe.2006.11.010,Ascophyllum nodosum,5°C Grazed,20,0.918579508,NA,1,"Data, Figure 3"
Vandendriessche et al. 2007,10.1016/j.jembe.2006.11.010,Ascophyllum nodosum,5°C Grazed,22,0.938789088,NA,1,"Data, Figure 3"
Vandendriessche et al. 2007,10.1016/j.jembe.2006.11.010,Ascophyllum nodosum,5°C Grazed,27,0.943612774,NA,1,"Data, Figure 3"
Vandendriessche et al. 2007,10.1016/j.jembe.2006.11.010,Ascophyllum nodosum,5°C Grazed,29,0.952677977,NA,1,"Data, Figure 3"
Vandendriessche et al. 2007,10.1016/j.jembe.2006.11.010,Ascophyllum nodosum,5°C Grazed,31,0.991101131,NA,1,"Data, Figure 3"
Vandendriessche et al. 2007,10.1016/j.jembe.2006.11.010,Ascophyllum nodosum,5°C Grazed,35,1.001497006,NA,1,"Data, Figure 3"
Vandendriessche et al. 2007,10.1016/j.jembe.2006.11.010,Ascophyllum nodosum,5°C Grazed,38,1.016217565,NA,1,"Data, Figure 3"
Vandendriessche et al. 2007,10.1016/j.jembe.2006.11.010,Ascophyllum nodosum,5°C Grazed,42,1.022538257,NA,1,"Data, Figure 3"
Vandendriessche et al. 2007,10.1016/j.jembe.2006.11.010,Ascophyllum nodosum,5°C Grazed,45,1.036842981,NA,1,"Data, Figure 3"
Vandendriessche et al. 2007,10.1016/j.jembe.2006.11.010,Ascophyllum nodosum,5°C Grazed,49,1.052145709,NA,1,"Data, Figure 3"
Vandendriessche et al. 2007,10.1016/j.jembe.2006.11.010,Ascophyllum nodosum,5°C Grazed,52,1.067115768,NA,1,"Data, Figure 3"
Vandendriessche et al. 2007,10.1016/j.jembe.2006.11.010,Ascophyllum nodosum,5°C Grazed,63,1.122920825,NA,1,"Data, Figure 3"
Vandendriessche et al. 2007,10.1016/j.jembe.2006.11.010,Ascophyllum nodosum,5°C Grazed,66,1.158599468,NA,1,"Data, Figure 3"
Vandendriessche et al. 2007,10.1016/j.jembe.2006.11.010,Ascophyllum nodosum,5°C Grazed,70,1.18155356,NA,1,"Data, Figure 3"
Vandendriessche et al. 2007,10.1016/j.jembe.2006.11.010,Ascophyllum nodosum,5°C Grazed,73,1.209331337,NA,1,"Data, Figure 3"
Vandendriessche et al. 2007,10.1016/j.jembe.2006.11.010,Ascophyllum nodosum,5°C Grazed,78,1.259397871,NA,1,"Data, Figure 3"
Vandendriessche et al. 2007,10.1016/j.jembe.2006.11.010,Ascophyllum nodosum,5°C Grazed,80,1.271872921,NA,1,"Data, Figure 3"
Vandendriessche et al. 2007,10.1016/j.jembe.2006.11.010,Ascophyllum nodosum,5°C Grazed,84,1.319860279,NA,1,"Data, Figure 3"
Vandendriessche et al. 2007,10.1016/j.jembe.2006.11.010,Ascophyllum nodosum,5°C Grazed,87,1.315868263,NA,1,"Data, Figure 3"
Vandendriessche et al. 2007,10.1016/j.jembe.2006.11.010,Ascophyllum nodosum,5°C Grazed,92,1.372005988,NA,1,"Data, Figure 3"
Vandendriessche et al. 2007,10.1016/j.jembe.2006.11.010,Ascophyllum nodosum,5°C Grazed,94,1.372255489,NA,1,"Data, Figure 3"
Vandendriessche et al. 2007,10.1016/j.jembe.2006.11.010,Ascophyllum nodosum,5°C Grazed,98,1.351463739,NA,1,"Data, Figure 3"
Vandendriessche et al. 2007,10.1016/j.jembe.2006.11.010,Ascophyllum nodosum,5°C Grazed,104,1.380322688,NA,1,"Data, Figure 3"
Vandendriessche et al. 2007,10.1016/j.jembe.2006.11.010,Ascophyllum nodosum,5°C Grazed,108,1.427312043,NA,1,"Data, Figure 3"
Vandendriessche et al. 2007,10.1016/j.jembe.2006.11.010,Ascophyllum nodosum,5°C Grazed,115,1.45342648,NA,1,"Data, Figure 3"
Vandendriessche et al. 2007,10.1016/j.jembe.2006.11.010,Ascophyllum nodosum,5°C Grazed,119,1.461660013,NA,1,"Data, Figure 3"
Vandendriessche et al. 2007,10.1016/j.jembe.2006.11.010,Ascophyllum nodosum,5°C Grazed,121,1.458083832,NA,1,"Data, Figure 3"
Vandendriessche et al. 2007,10.1016/j.jembe.2006.11.010,Ascophyllum nodosum,5°C Grazed,127,1.450266134,NA,1,"Data, Figure 3"
Vandendriessche et al. 2007,10.1016/j.jembe.2006.11.010,Ascophyllum nodosum,5°C Grazed,129,1.440369261,NA,1,"Data, Figure 3"
Vandendriessche et al. 2007,10.1016/j.jembe.2006.11.010,Ascophyllum nodosum,5°C Grazed,134,1.43155356,NA,1,"Data, Figure 3"
Vandendriessche et al. 2007,10.1016/j.jembe.2006.11.010,Ascophyllum nodosum,5°C Grazed,140,1.456919494,NA,1,"Data, Figure 3"
Vandendriessche et al. 2007,10.1016/j.jembe.2006.11.010,Ascophyllum nodosum,5°C Grazed,143,1.429557552,NA,1,"Data, Figure 3"
Vandendriessche et al. 2007,10.1016/j.jembe.2006.11.010,Ascophyllum nodosum,5°C Grazed,147,1.461327345,NA,1,"Data, Figure 3"
Vandendriessche et al. 2007,10.1016/j.jembe.2006.11.010,Ascophyllum nodosum,5°C Grazed,150,1.46756487,NA,1,"Data, Figure 3"
Vandendriessche et al. 2007,10.1016/j.jembe.2006.11.010,Ascophyllum nodosum,5°C Grazed,155,1.472139055,NA,1,"Data, Figure 3"
Vandendriessche et al. 2007,10.1016/j.jembe.2006.11.010,Ascophyllum nodosum,5°C Grazed,157,1.430472389,NA,1,"Data, Figure 3"
Vandendriessche et al. 2007,10.1016/j.jembe.2006.11.010,Ascophyllum nodosum,5°C Grazed,164,1.423902196,NA,1,"Data, Figure 3"
Vandendriessche et al. 2007,10.1016/j.jembe.2006.11.010,Ascophyllum nodosum,5°C Grazed,176,1.358948769,NA,1,"Data, Figure 3"
Vandendriessche et al. 2007,10.1016/j.jembe.2006.11.010,Ascophyllum nodosum,5°C Grazed,182,1.355705256,NA,1,"Data, Figure 3"
Vandendriessche et al. 2007,10.1016/j.jembe.2006.11.010,Ascophyllum nodosum,5°C Grazed,185,1.359447771,NA,1,"Data, Figure 3"
Vandendriessche et al. 2007,10.1016/j.jembe.2006.11.010,Ascophyllum nodosum,5°C Grazed,191,1.34256487,NA,1,"Data, Figure 3"
Vandendriessche et al. 2007,10.1016/j.jembe.2006.11.010,Ascophyllum nodosum,5°C Grazed,199,1.299234864,NA,1,"Data, Figure 3"
Vandendriessche et al. 2007,10.1016/j.jembe.2006.11.010,Ascophyllum nodosum,5°C Grazed,204,1.29324684,NA,1,"Data, Figure 3"
Vandendriessche et al. 2007,10.1016/j.jembe.2006.11.010,Ascophyllum nodosum,5°C Grazed,206,1.239021956,NA,1,"Data, Figure 3"
Vandendriessche et al. 2007,10.1016/j.jembe.2006.11.010,Ascophyllum nodosum,5°C Grazed,210,1.229374584,NA,1,"Data, Figure 3"
Vandendriessche et al. 2007,10.1016/j.jembe.2006.11.010,Ascophyllum nodosum,5°C Grazed,220,1.156936128,NA,1,"Data, Figure 3"
Vandendriessche et al. 2007,10.1016/j.jembe.2006.11.010,Ascophyllum nodosum,5°C Grazed,0,1,NA,1,"Data, Figure 3"
Vandendriessche et al. 2007,10.1016/j.jembe.2006.11.010,Ascophyllum nodosum,5°C Grazed,1,0.953196721,NA,1,"Data, Figure 3"
Vandendriessche et al. 2007,10.1016/j.jembe.2006.11.010,Ascophyllum nodosum,5°C Grazed,2,0.964016393,NA,1,"Data, Figure 3"
Vandendriessche et al. 2007,10.1016/j.jembe.2006.11.010,Ascophyllum nodosum,5°C Grazed,3,0.973196721,NA,1,"Data, Figure 3"
Vandendriessche et al. 2007,10.1016/j.jembe.2006.11.010,Ascophyllum nodosum,5°C Grazed,7,0.980737705,NA,1,"Data, Figure 3"
Vandendriessche et al. 2007,10.1016/j.jembe.2006.11.010,Ascophyllum nodosum,5°C Grazed,10,0.991393443,NA,1,"Data, Figure 3"
Vandendriessche et al. 2007,10.1016/j.jembe.2006.11.010,Ascophyllum nodosum,5°C Grazed,14,1.01795082,NA,1,"Data, Figure 3"
Vandendriessche et al. 2007,10.1016/j.jembe.2006.11.010,Ascophyllum nodosum,5°C Grazed,16,1.021803279,NA,1,"Data, Figure 3"
Vandendriessche et al. 2007,10.1016/j.jembe.2006.11.010,Ascophyllum nodosum,5°C Grazed,17,1.041885246,NA,1,"Data, Figure 3"
Vandendriessche et al. 2007,10.1016/j.jembe.2006.11.010,Ascophyllum nodosum,5°C Grazed,20,1.024754098,NA,1,"Data, Figure 3"
Vandendriessche et al. 2007,10.1016/j.jembe.2006.11.010,Ascophyllum nodosum,5°C Grazed,22,1.021803279,NA,1,"Data, Figure 3"
Vandendriessche et al. 2007,10.1016/j.jembe.2006.11.010,Ascophyllum nodosum,5°C Grazed,27,1.026885246,NA,1,"Data, Figure 3"
Vandendriessche et al. 2007,10.1016/j.jembe.2006.11.010,Ascophyllum nodosum,5°C Grazed,29,1.030491803,NA,1,"Data, Figure 3"
Vandendriessche et al. 2007,10.1016/j.jembe.2006.11.010,Ascophyllum nodosum,5°C Grazed,31,1.042786885,NA,1,"Data, Figure 3"
Vandendriessche et al. 2007,10.1016/j.jembe.2006.11.010,Ascophyllum nodosum,5°C Grazed,35,1.051557377,NA,1,"Data, Figure 3"
Vandendriessche et al. 2007,10.1016/j.jembe.2006.11.010,Ascophyllum nodosum,5°C Grazed,38,1.048196721,NA,1,"Data, Figure 3"
Vandendriessche et al. 2007,10.1016/j.jembe.2006.11.010,Ascophyllum nodosum,5°C Grazed,42,1.059754098,NA,1,"Data, Figure 3"
Vandendriessche et al. 2007,10.1016/j.jembe.2006.11.010,Ascophyllum nodosum,5°C Grazed,45,1.072540984,NA,1,"Data, Figure 3"
Vandendriessche et al. 2007,10.1016/j.jembe.2006.11.010,Ascophyllum nodosum,5°C Grazed,49,1.088278689,NA,1,"Data, Figure 3"
Vandendriessche et al. 2007,10.1016/j.jembe.2006.11.010,Ascophyllum nodosum,5°C Grazed,52,1.013442623,NA,1,"Data, Figure 3"
Vandendriessche et al. 2007,10.1016/j.jembe.2006.11.010,Ascophyllum nodosum,5°C Grazed,63,1.133934426,NA,1,"Data, Figure 3"
Vandendriessche et al. 2007,10.1016/j.jembe.2006.11.010,Ascophyllum nodosum,5°C Grazed,66,1.131557377,NA,1,"Data, Figure 3"
Vandendriessche et al. 2007,10.1016/j.jembe.2006.11.010,Ascophyllum nodosum,5°C Grazed,70,1.171803279,NA,1,"Data, Figure 3"
Vandendriessche et al. 2007,10.1016/j.jembe.2006.11.010,Ascophyllum nodosum,5°C Grazed,73,1.176639344,NA,1,"Data, Figure 3"
Vandendriessche et al. 2007,10.1016/j.jembe.2006.11.010,Ascophyllum nodosum,5°C Grazed,78,1.172540984,NA,1,"Data, Figure 3"
Vandendriessche et al. 2007,10.1016/j.jembe.2006.11.010,Ascophyllum nodosum,5°C Grazed,80,1.21557377,NA,1,"Data, Figure 3"
Vandendriessche et al. 2007,10.1016/j.jembe.2006.11.010,Ascophyllum nodosum,5°C Grazed,84,1.225,NA,1,"Data, Figure 3"
Vandendriessche et al. 2007,10.1016/j.jembe.2006.11.010,Ascophyllum nodosum,5°C Grazed,87,1.195655738,NA,1,"Data, Figure 3"
Vandendriessche et al. 2007,10.1016/j.jembe.2006.11.010,Ascophyllum nodosum,5°C Grazed,92,1.268688525,NA,1,"Data, Figure 3"
Vandendriessche et al. 2007,10.1016/j.jembe.2006.11.010,Ascophyllum nodosum,5°C Grazed,94,1.290819672,NA,1,"Data, Figure 3"
Vandendriessche et al. 2007,10.1016/j.jembe.2006.11.010,Ascophyllum nodosum,5°C Grazed,98,1.318196721,NA,1,"Data, Figure 3"
Vandendriessche et al. 2007,10.1016/j.jembe.2006.11.010,Ascophyllum nodosum,5°C Grazed,104,1.366803279,NA,1,"Data, Figure 3"
Vandendriessche et al. 2007,10.1016/j.jembe.2006.11.010,Ascophyllum nodosum,5°C Grazed,108,1.430163934,NA,1,"Data, Figure 3"
Vandendriessche et al. 2007,10.1016/j.jembe.2006.11.010,Ascophyllum nodosum,5°C Grazed,115,1.44795082,NA,1,"Data, Figure 3"
Vandendriessche et al. 2007,10.1016/j.jembe.2006.11.010,Ascophyllum nodosum,5°C Grazed,119,1.549590164,NA,1,"Data, Figure 3"
Vandendriessche et al. 2007,10.1016/j.jembe.2006.11.010,Ascophyllum nodosum,5°C Grazed,121,1.465409836,NA,1,"Data, Figure 3"
Vandendriessche et al. 2007,10.1016/j.jembe.2006.11.010,Ascophyllum nodosum,5°C Grazed,127,1.643278689,NA,1,"Data, Figure 3"
Vandendriessche et al. 2007,10.1016/j.jembe.2006.11.010,Ascophyllum nodosum,5°C Grazed,129,0.144016393,NA,1,"Data, Figure 3"
Vandendriessche et al. 2007,10.1016/j.jembe.2006.11.010,Ascophyllum nodosum,5°C Grazed,134,1.735163934,NA,1,"Data, Figure 3"
Vandendriessche et al. 2007,10.1016/j.jembe.2006.11.010,Ascophyllum nodosum,5°C Grazed,140,1.572295082,NA,1,"Data, Figure 3"
Vandendriessche et al. 2007,10.1016/j.jembe.2006.11.010,Ascophyllum nodosum,5°C Grazed,143,1.582786885,NA,1,"Data, Figure 3"
Vandendriessche et al. 2007,10.1016/j.jembe.2006.11.010,Ascophyllum nodosum,5°C Grazed,147,1.591557377,NA,1,"Data, Figure 3"
Vandendriessche et al. 2007,10.1016/j.jembe.2006.11.010,Ascophyllum nodosum,5°C Grazed,150,1.509098361,NA,1,"Data, Figure 3"
Vandendriessche et al. 2007,10.1016/j.jembe.2006.11.010,Ascophyllum nodosum,5°C Grazed,155,1.505245902,NA,1,"Data, Figure 3"
Vandendriessche et al. 2007,10.1016/j.jembe.2006.11.010,Ascophyllum nodosum,5°C Grazed,157,1.510491803,NA,1,"Data, Figure 3"
Vandendriessche et al. 2007,10.1016/j.jembe.2006.11.010,Ascophyllum nodosum,5°C Grazed,164,1.49204918,NA,1,"Data, Figure 3"
Vandendriessche et al. 2007,10.1016/j.jembe.2006.11.010,Ascophyllum nodosum,5°C Grazed,176,1.495983607,NA,1,"Data, Figure 3"
Vandendriessche et al. 2007,10.1016/j.jembe.2006.11.010,Ascophyllum nodosum,5°C Grazed,182,1.432868852,NA,1,"Data, Figure 3"
Vandendriessche et al. 2007,10.1016/j.jembe.2006.11.010,Ascophyllum nodosum,5°C Grazed,185,1.421147541,NA,1,"Data, Figure 3"
Vandendriessche et al. 2007,10.1016/j.jembe.2006.11.010,Ascophyllum nodosum,5°C Grazed,191,1.335737705,NA,1,"Data, Figure 3"
Vandendriessche et al. 2007,10.1016/j.jembe.2006.11.010,Ascophyllum nodosum,5°C Grazed,199,1.180245902,NA,1,"Data, Figure 3"
Vandendriessche et al. 2007,10.1016/j.jembe.2006.11.010,Ascophyllum nodosum,5°C Grazed,204,1.042622951,NA,1,"Data, Figure 3"
Vandendriessche et al. 2007,10.1016/j.jembe.2006.11.010,Ascophyllum nodosum,5°C Grazed,206,0.908278689,NA,1,"Data, Figure 3"
Vandendriessche et al. 2007,10.1016/j.jembe.2006.11.010,Ascophyllum nodosum,5°C Grazed,210,0.726967213,NA,1,"Data, Figure 3"
Vandendriessche et al. 2007,10.1016/j.jembe.2006.11.010,Ascophyllum nodosum,5°C Grazed,220,0.49352459,NA,1,"Data, Figure 3"
Vandendriessche et al. 2007,10.1016/j.jembe.2006.11.010,Ascophyllum nodosum,5°C Grazed,0,1,NA,1,"Data, Figure 3"
Vandendriessche et al. 2007,10.1016/j.jembe.2006.11.010,Ascophyllum nodosum,5°C Grazed,1,0.933020996,NA,1,"Data, Figure 3"
Vandendriessche et al. 2007,10.1016/j.jembe.2006.11.010,Ascophyllum nodosum,5°C Grazed,2,0.931025508,NA,1,"Data, Figure 3"
Vandendriessche et al. 2007,10.1016/j.jembe.2006.11.010,Ascophyllum nodosum,5°C Grazed,3,0.934409162,NA,1,"Data, Figure 3"
Vandendriessche et al. 2007,10.1016/j.jembe.2006.11.010,Ascophyllum nodosum,5°C Grazed,7,0.926600729,NA,1,"Data, Figure 3"
Vandendriessche et al. 2007,10.1016/j.jembe.2006.11.010,Ascophyllum nodosum,5°C Grazed,10,0.930851987,NA,1,"Data, Figure 3"
Vandendriessche et al. 2007,10.1016/j.jembe.2006.11.010,Ascophyllum nodosum,5°C Grazed,14,0.932500434,NA,1,"Data, Figure 3"
Vandendriessche et al. 2007,10.1016/j.jembe.2006.11.010,Ascophyllum nodosum,5°C Grazed,16,0.926340448,NA,1,"Data, Figure 3"
Vandendriessche et al. 2007,10.1016/j.jembe.2006.11.010,Ascophyllum nodosum,5°C Grazed,17,0.931806351,NA,1,"Data, Figure 3"
Vandendriessche et al. 2007,10.1016/j.jembe.2006.11.010,Ascophyllum nodosum,5°C Grazed,20,0.925299323,NA,1,"Data, Figure 3"
Vandendriessche et al. 2007,10.1016/j.jembe.2006.11.010,Ascophyllum nodosum,5°C Grazed,22,0.918879056,NA,1,"Data, Figure 3"
Vandendriessche et al. 2007,10.1016/j.jembe.2006.11.010,Ascophyllum nodosum,5°C Grazed,27,0.915495402,NA,1,"Data, Figure 3"
Vandendriessche et al. 2007,10.1016/j.jembe.2006.11.010,Ascophyllum nodosum,5°C Grazed,29,0.918271733,NA,1,"Data, Figure 3"
Vandendriessche et al. 2007,10.1016/j.jembe.2006.11.010,Ascophyllum nodosum,5°C Grazed,31,0.924258199,NA,1,"Data, Figure 3"
Vandendriessche et al. 2007,10.1016/j.jembe.2006.11.010,Ascophyllum nodosum,5°C Grazed,35,0.90812077,NA,1,"Data, Figure 3"
Vandendriessche et al. 2007,10.1016/j.jembe.2006.11.010,Ascophyllum nodosum,5°C Grazed,38,0.910116259,NA,1,"Data, Figure 3"
Vandendriessche et al. 2007,10.1016/j.jembe.2006.11.010,Ascophyllum nodosum,5°C Grazed,42,0.904650356,NA,1,"Data, Figure 3"
Vandendriessche et al. 2007,10.1016/j.jembe.2006.11.010,Ascophyllum nodosum,5°C Grazed,45,0.896581642,NA,1,"Data, Figure 3"
Vandendriessche et al. 2007,10.1016/j.jembe.2006.11.010,Ascophyllum nodosum,5°C Grazed,49,0.899618254,NA,1,"Data, Figure 3"
Vandendriessche et al. 2007,10.1016/j.jembe.2006.11.010,Ascophyllum nodosum,5°C Grazed,52,0.890681936,NA,1,"Data, Figure 3"
Vandendriessche et al. 2007,10.1016/j.jembe.2006.11.010,Ascophyllum nodosum,5°C Grazed,63,0.87029325,NA,1,"Data, Figure 3"
Vandendriessche et al. 2007,10.1016/j.jembe.2006.11.010,Ascophyllum nodosum,5°C Grazed,66,0.862658338,NA,1,"Data, Figure 3"
Vandendriessche et al. 2007,10.1016/j.jembe.2006.11.010,Ascophyllum nodosum,5°C Grazed,70,0.854416103,NA,1,"Data, Figure 3"
Vandendriessche et al. 2007,10.1016/j.jembe.2006.11.010,Ascophyllum nodosum,5°C Grazed,73,0.853374978,NA,1,"Data, Figure 3"
Vandendriessche et al. 2007,10.1016/j.jembe.2006.11.010,Ascophyllum nodosum,5°C Grazed,78,0.851813292,NA,1,"Data, Figure 3"
Vandendriessche et al. 2007,10.1016/j.jembe.2006.11.010,Ascophyllum nodosum,5°C Grazed,80,0.851205969,NA,1,"Data, Figure 3"
Vandendriessche et al. 2007,10.1016/j.jembe.2006.11.010,Ascophyllum nodosum,5°C Grazed,84,0.846434149,NA,1,"Data, Figure 3"
Vandendriessche et al. 2007,10.1016/j.jembe.2006.11.010,Ascophyllum nodosum,5°C Grazed,87,0.846000347,NA,1,"Data, Figure 3"
Vandendriessche et al. 2007,10.1016/j.jembe.2006.11.010,Ascophyllum nodosum,5°C Grazed,92,0.836196425,NA,1,"Data, Figure 3"
Vandendriessche et al. 2007,10.1016/j.jembe.2006.11.010,Ascophyllum nodosum,5°C Grazed,94,0.828735034,NA,1,"Data, Figure 3"
Vandendriessche et al. 2007,10.1016/j.jembe.2006.11.010,Ascophyllum nodosum,5°C Grazed,98,0.826739545,NA,1,"Data, Figure 3"
Vandendriessche et al. 2007,10.1016/j.jembe.2006.11.010,Ascophyllum nodosum,5°C Grazed,104,0.815894499,NA,1,"Data, Figure 3"
Vandendriessche et al. 2007,10.1016/j.jembe.2006.11.010,Ascophyllum nodosum,5°C Grazed,108,0.816415062,NA,1,"Data, Figure 3"
Vandendriessche et al. 2007,10.1016/j.jembe.2006.11.010,Ascophyllum nodosum,5°C Grazed,115,0.810428596,NA,1,"Data, Figure 3"
Vandendriessche et al. 2007,10.1016/j.jembe.2006.11.010,Ascophyllum nodosum,5°C Grazed,119,0.821880965,NA,1,"Data, Figure 3"
Vandendriessche et al. 2007,10.1016/j.jembe.2006.11.010,Ascophyllum nodosum,5°C Grazed,121,0.812771126,NA,1,"Data, Figure 3"
Vandendriessche et al. 2007,10.1016/j.jembe.2006.11.010,Ascophyllum nodosum,5°C Grazed,127,0.803401006,NA,1,"Data, Figure 3"
Vandendriessche et al. 2007,10.1016/j.jembe.2006.11.010,Ascophyllum nodosum,5°C Grazed,129,0.80661114,NA,1,"Data, Figure 3"
Vandendriessche et al. 2007,10.1016/j.jembe.2006.11.010,Ascophyllum nodosum,5°C Grazed,134,0.787610619,NA,1,"Data, Figure 3"
Vandendriessche et al. 2007,10.1016/j.jembe.2006.11.010,Ascophyllum nodosum,5°C Grazed,140,0.777286136,NA,1,"Data, Figure 3"
Vandendriessche et al. 2007,10.1016/j.jembe.2006.11.010,Ascophyllum nodosum,5°C Grazed,143,0.766094048,NA,1,"Data, Figure 3"
Vandendriessche et al. 2007,10.1016/j.jembe.2006.11.010,Ascophyllum nodosum,5°C Grazed,147,0.75715773,NA,1,"Data, Figure 3"
Vandendriessche et al. 2007,10.1016/j.jembe.2006.11.010,Ascophyllum nodosum,5°C Grazed,150,0.749262537,NA,1,"Data, Figure 3"
Vandendriessche et al. 2007,10.1016/j.jembe.2006.11.010,Ascophyllum nodosum,5°C Grazed,155,0.749696339,NA,1,"Data, Figure 3"
Vandendriessche et al. 2007,10.1016/j.jembe.2006.11.010,Ascophyllum nodosum,5°C Grazed,157,0.724969634,NA,1,"Data, Figure 3"
Vandendriessche et al. 2007,10.1016/j.jembe.2006.11.010,Ascophyllum nodosum,5°C Grazed,164,0.711868818,NA,1,"Data, Figure 3"
Vandendriessche et al. 2007,10.1016/j.jembe.2006.11.010,Ascophyllum nodosum,5°C Grazed,176,0.686795072,NA,1,"Data, Figure 3"
Vandendriessche et al. 2007,10.1016/j.jembe.2006.11.010,Ascophyllum nodosum,5°C Grazed,182,0.67933368,NA,1,"Data, Figure 3"
Vandendriessche et al. 2007,10.1016/j.jembe.2006.11.010,Ascophyllum nodosum,5°C Grazed,185,0.689484643,NA,1,"Data, Figure 3"
Vandendriessche et al. 2007,10.1016/j.jembe.2006.11.010,Ascophyllum nodosum,5°C Grazed,191,0.684539302,NA,1,"Data, Figure 3"
Vandendriessche et al. 2007,10.1016/j.jembe.2006.11.010,Ascophyllum nodosum,5°C Grazed,199,0.67933368,NA,1,"Data, Figure 3"
Vandendriessche et al. 2007,10.1016/j.jembe.2006.11.010,Ascophyllum nodosum,5°C Grazed,204,0.682804095,NA,1,"Data, Figure 3"
Vandendriessche et al. 2007,10.1016/j.jembe.2006.11.010,Ascophyllum nodosum,5°C Grazed,206,0.678466077,NA,1,"Data, Figure 3"
Vandendriessche et al. 2007,10.1016/j.jembe.2006.11.010,Ascophyllum nodosum,5°C Grazed,210,0.685406906,NA,1,"Data, Figure 3"
Vandendriessche et al. 2007,10.1016/j.jembe.2006.11.010,Ascophyllum nodosum,5°C Grazed,220,0.644542773,NA,1,"Data, Figure 3"
Hamersley et al. 2015,10.1016/j.aquabot.2015.05.003,Macrocystis pyrifera,Fresh,0,1,NA,1,"Data, Figure 1a"
Hamersley et al. 2015,10.1016/j.aquabot.2015.05.003,Macrocystis pyrifera,Fresh,4,0.985603933,NA,1,"Data, Figure 1a"
Hamersley et al. 2015,10.1016/j.aquabot.2015.05.003,Macrocystis pyrifera,Fresh,4,0.972864991,NA,1,"Data, Figure 1a"
Hamersley et al. 2015,10.1016/j.aquabot.2015.05.003,Macrocystis pyrifera,Fresh,4,0.982098102,NA,1,"Data, Figure 1a"
Hamersley et al. 2015,10.1016/j.aquabot.2015.05.003,Macrocystis pyrifera,Fresh,4,0.930704441,NA,1,"Data, Figure 1a"
Hamersley et al. 2015,10.1016/j.aquabot.2015.05.003,Macrocystis pyrifera,Fresh,4,0.966331135,NA,1,"Data, Figure 1a"
Hamersley et al. 2015,10.1016/j.aquabot.2015.05.003,Macrocystis pyrifera,Fresh,10,0.780547753,NA,1,"Data, Figure 1a"
Hamersley et al. 2015,10.1016/j.aquabot.2015.05.003,Macrocystis pyrifera,Fresh,10,0.800399534,NA,1,"Data, Figure 1a"
Hamersley et al. 2015,10.1016/j.aquabot.2015.05.003,Macrocystis pyrifera,Fresh,10,0.814536341,NA,1,"Data, Figure 1a"
Hamersley et al. 2015,10.1016/j.aquabot.2015.05.003,Macrocystis pyrifera,Fresh,10,0.540964778,NA,1,"Data, Figure 1a"
Hamersley et al. 2015,10.1016/j.aquabot.2015.05.003,Macrocystis pyrifera,Fresh,10,0.798333912,NA,1,"Data, Figure 1a"
Hamersley et al. 2015,10.1016/j.aquabot.2015.05.003,Macrocystis pyrifera,Fresh,18,0.269838483,NA,1,"Data, Figure 1a"
Hamersley et al. 2015,10.1016/j.aquabot.2015.05.003,Macrocystis pyrifera,Fresh,18,0.154486432,NA,1,"Data, Figure 1a"
Hamersley et al. 2015,10.1016/j.aquabot.2015.05.003,Macrocystis pyrifera,Fresh,18,0.385606874,NA,1,"Data, Figure 1a"
Hamersley et al. 2015,10.1016/j.aquabot.2015.05.003,Macrocystis pyrifera,Fresh,18,0.186447167,NA,1,"Data, Figure 1a"
Hamersley et al. 2015,10.1016/j.aquabot.2015.05.003,Macrocystis pyrifera,Fresh,18,0.211384936,NA,1,"Data, Figure 1a"
Hamersley et al. 2015,10.1016/j.aquabot.2015.05.003,Macrocystis pyrifera,Fresh,25,0.179073034,NA,1,"Data, Figure 1a"
Hamersley et al. 2015,10.1016/j.aquabot.2015.05.003,Macrocystis pyrifera,Fresh,25,0.150824039,NA,1,"Data, Figure 1a"
Hamersley et al. 2015,10.1016/j.aquabot.2015.05.003,Macrocystis pyrifera,Fresh,25,0.16433942,NA,1,"Data, Figure 1a"
Hamersley et al. 2015,10.1016/j.aquabot.2015.05.003,Macrocystis pyrifera,Fresh,25,0.120214395,NA,1,"Data, Figure 1a"
Hamersley et al. 2015,10.1016/j.aquabot.2015.05.003,Macrocystis pyrifera,Fresh,25,0.112113849,NA,1,"Data, Figure 1a"
Hamersley et al. 2015,10.1016/j.aquabot.2015.05.003,Macrocystis pyrifera,Senescent,0,1,NA,1,"Data, Figure 1a"
Hamersley et al. 2015,10.1016/j.aquabot.2015.05.003,Macrocystis pyrifera,Senescent,4,0.73155588,NA,1,"Data, Figure 1a"
Hamersley et al. 2015,10.1016/j.aquabot.2015.05.003,Macrocystis pyrifera,Senescent,4,0.795634174,NA,1,"Data, Figure 1a"
Hamersley et al. 2015,10.1016/j.aquabot.2015.05.003,Macrocystis pyrifera,Senescent,4,0.69873817,NA,1,"Data, Figure 1a"
Hamersley et al. 2015,10.1016/j.aquabot.2015.05.003,Macrocystis pyrifera,Senescent,4,0.733678344,NA,1,"Data, Figure 1a"
Hamersley et al. 2015,10.1016/j.aquabot.2015.05.003,Macrocystis pyrifera,Senescent,4,0.732570611,NA,1,"Data, Figure 1a"
Hamersley et al. 2015,10.1016/j.aquabot.2015.05.003,Macrocystis pyrifera,Senescent,10,0.282322863,NA,1,"Data, Figure 1a"
Hamersley et al. 2015,10.1016/j.aquabot.2015.05.003,Macrocystis pyrifera,Senescent,10,0.345502446,NA,1,"Data, Figure 1a"
Hamersley et al. 2015,10.1016/j.aquabot.2015.05.003,Macrocystis pyrifera,Senescent,10,0.349763407,NA,1,"Data, Figure 1a"
Hamersley et al. 2015,10.1016/j.aquabot.2015.05.003,Macrocystis pyrifera,Senescent,10,0.230493631,NA,1,"Data, Figure 1a"
Hamersley et al. 2015,10.1016/j.aquabot.2015.05.003,Macrocystis pyrifera,Senescent,10,0.401501609,NA,1,"Data, Figure 1a"
Hamersley et al. 2015,10.1016/j.aquabot.2015.05.003,Macrocystis pyrifera,Senescent,18,0.138787436,NA,1,"Data, Figure 1a"
Hamersley et al. 2015,10.1016/j.aquabot.2015.05.003,Macrocystis pyrifera,Senescent,18,0.12194204,NA,1,"Data, Figure 1a"
Hamersley et al. 2015,10.1016/j.aquabot.2015.05.003,Macrocystis pyrifera,Senescent,18,0.129731861,NA,1,"Data, Figure 1a"
Hamersley et al. 2015,10.1016/j.aquabot.2015.05.003,Macrocystis pyrifera,Senescent,18,0.104697452,NA,1,"Data, Figure 1a"
Hamersley et al. 2015,10.1016/j.aquabot.2015.05.003,Macrocystis pyrifera,Senescent,25,0.109569028,NA,1,"Data, Figure 1a"
Hamersley et al. 2015,10.1016/j.aquabot.2015.05.003,Macrocystis pyrifera,Senescent,25,0.042529168,NA,1,"Data, Figure 1a"
Hamersley et al. 2015,10.1016/j.aquabot.2015.05.003,Macrocystis pyrifera,Senescent,25,0.042192429,NA,1,"Data, Figure 1a"
Hamersley et al. 2015,10.1016/j.aquabot.2015.05.003,Macrocystis pyrifera,Senescent,25,0.086783439,NA,1,"Data, Figure 1a"
Hamersley et al. 2015,10.1016/j.aquabot.2015.05.003,Macrocystis pyrifera,Senescent,25,0.098677154,NA,1,"Data, Figure 1a"
Hamersley et al. 2015,10.1016/j.aquabot.2015.05.003,Macrocystis pyrifera,Detached,0,1,NA,1,"Data, Figure 1a"
Hamersley et al. 2015,10.1016/j.aquabot.2015.05.003,Macrocystis pyrifera,Detached,4,0.908015267,NA,1,"Data, Figure 1a"
Hamersley et al. 2015,10.1016/j.aquabot.2015.05.003,Macrocystis pyrifera,Detached,4,0.735828084,NA,1,"Data, Figure 1a"
Hamersley et al. 2015,10.1016/j.aquabot.2015.05.003,Macrocystis pyrifera,Detached,4,0.865412979,NA,1,"Data, Figure 1a"
Hamersley et al. 2015,10.1016/j.aquabot.2015.05.003,Macrocystis pyrifera,Detached,4,0.843115124,NA,1,"Data, Figure 1a"
Hamersley et al. 2015,10.1016/j.aquabot.2015.05.003,Macrocystis pyrifera,Detached,4,0.816561456,NA,1,"Data, Figure 1a"
Hamersley et al. 2015,10.1016/j.aquabot.2015.05.003,Macrocystis pyrifera,Detached,10,0.572137405,NA,1,"Data, Figure 1a"
Hamersley et al. 2015,10.1016/j.aquabot.2015.05.003,Macrocystis pyrifera,Detached,10,0.462393479,NA,1,"Data, Figure 1a"
Hamersley et al. 2015,10.1016/j.aquabot.2015.05.003,Macrocystis pyrifera,Detached,10,0.485988201,NA,1,"Data, Figure 1a"
Hamersley et al. 2015,10.1016/j.aquabot.2015.05.003,Macrocystis pyrifera,Detached,10,0.580887886,NA,1,"Data, Figure 1a"
Hamersley et al. 2015,10.1016/j.aquabot.2015.05.003,Macrocystis pyrifera,Detached,10,0.553657631,NA,1,"Data, Figure 1a"
Hamersley et al. 2015,10.1016/j.aquabot.2015.05.003,Macrocystis pyrifera,Detached,18,0.272900763,NA,1,"Data, Figure 1a"
Hamersley et al. 2015,10.1016/j.aquabot.2015.05.003,Macrocystis pyrifera,Detached,18,0.152649129,NA,1,"Data, Figure 1a"
Hamersley et al. 2015,10.1016/j.aquabot.2015.05.003,Macrocystis pyrifera,Detached,18,0.228982301,NA,1,"Data, Figure 1a"
Hamersley et al. 2015,10.1016/j.aquabot.2015.05.003,Macrocystis pyrifera,Detached,18,0.232505643,NA,1,"Data, Figure 1a"
Hamersley et al. 2015,10.1016/j.aquabot.2015.05.003,Macrocystis pyrifera,Detached,18,0.266245823,NA,1,"Data, Figure 1a"
Hamersley et al. 2015,10.1016/j.aquabot.2015.05.003,Macrocystis pyrifera,Detached,25,0.126717557,NA,1,"Data, Figure 1a"
Hamersley et al. 2015,10.1016/j.aquabot.2015.05.003,Macrocystis pyrifera,Detached,25,0.131159689,NA,1,"Data, Figure 1a"
Hamersley et al. 2015,10.1016/j.aquabot.2015.05.003,Macrocystis pyrifera,Detached,25,0.108352144,NA,1,"Data, Figure 1a"
Hamersley et al. 2015,10.1016/j.aquabot.2015.05.003,Macrocystis pyrifera,Detached,25,0.151503899,NA,1,"Data, Figure 1a"
de Bettignies et al. 2020,10.1111/jpy.13041,Laminaria hyperborea,Fresh,0,1,NA,5,"Figure 2a, b"
de Bettignies et al. 2020,10.1111/jpy.13041,Laminaria hyperborea,Fresh,14,1.04050125,0.01745035,5,"Figure 2a, b"
de Bettignies et al. 2020,10.1111/jpy.13041,Laminaria hyperborea,Fresh,30,0.7989626,0.1500729,5,"Figure 2a, b"
de Bettignies et al. 2020,10.1111/jpy.13041,Laminaria hyperborea,Fresh,42,0.60667294,0.23654856,5,"Figure 2a, b"
de Bettignies et al. 2020,10.1111/jpy.13041,Laminaria hyperborea,Fresh,77,0.37994736,0.17993214,5,"Figure 2a, b"
de Bettignies et al. 2020,10.1111/jpy.13041,Laminaria hyperborea,Fresh,107,0.28155287,0.13766371,5,"Figure 2a, b"
de Bettignies et al. 2020,10.1111/jpy.13041,Laminaria hyperborea,Fresh,143,0.22545319,0.04265596,5,"Figure 2a, b"
de Bettignies et al. 2020,10.1111/jpy.13041,Laminaria hyperborea,Fresh,170,0.16467346,0.06398449,5,"Figure 2a, b"
de Bettignies et al. 2020,10.1111/jpy.13041,Laminaria hyperborea,Senescent,0,1,NA,1,Figure 2b
de Bettignies et al. 2020,10.1111/jpy.13041,Laminaria hyperborea,Senescent,30,0.24826787,NA,1,Figure 2b
de Bettignies et al. 2020,10.1111/jpy.13041,Laminaria hyperborea,Senescent,42,0.27311332,NA,1,Figure 2b
de Bettignies et al. 2020,10.1111/jpy.13041,Laminaria hyperborea,Senescent,77,0.15813577,NA,1,Figure 2b
de Bettignies et al. 2020,10.1111/jpy.13041,Laminaria hyperborea,Senescent,107,0.010907238,NA,1,Figure 2b
de Bettignies et al. 2020,10.1111/jpy.13041,Laminaria hyperborea,Senescent,143,0.043104778,NA,1,Figure 2b
Frontier et al. 2021,10.1016/j.marenvres.2021.105277,Laminaria hyperborea,0m,0,1,NA,1,"Data, Figure 2"
Frontier et al. 2021,10.1016/j.marenvres.2021.105277,Laminaria hyperborea,15m,0,1,NA,1,"Data, Figure 2"
Frontier et al. 2021,10.1016/j.marenvres.2021.105277,Laminaria hyperborea,30m,0,1,NA,1,"Data, Figure 2"
Frontier et al. 2021,10.1016/j.marenvres.2021.105277,Laminaria ochroleuca,0m,0,1,NA,1,"Data, Figure 2"
Frontier et al. 2021,10.1016/j.marenvres.2021.105277,Laminaria ochroleuca,15m,0,1,NA,1,"Data, Figure 2"
Frontier et al. 2021,10.1016/j.marenvres.2021.105277,Laminaria ochroleuca,30m,0,1,NA,1,"Data, Figure 2"
Frontier et al. 2021,10.1016/j.marenvres.2021.105277,Laminaria hyperborea,0m,7,0.983539095,NA,1,"Data, Figure 2"
Frontier et al. 2021,10.1016/j.marenvres.2021.105277,Laminaria hyperborea,0m,7,0.982222222,NA,1,"Data, Figure 2"
Frontier et al. 2021,10.1016/j.marenvres.2021.105277,Laminaria hyperborea,0m,7,0.987620358,NA,1,"Data, Figure 2"
Frontier et al. 2021,10.1016/j.marenvres.2021.105277,Laminaria hyperborea,0m,7,0.987844408,NA,1,"Data, Figure 2"
Frontier et al. 2021,10.1016/j.marenvres.2021.105277,Laminaria hyperborea,0m,7,0.958839406,NA,1,"Data, Figure 2"
Frontier et al. 2021,10.1016/j.marenvres.2021.105277,Laminaria hyperborea,15m,7,0.981854839,NA,1,"Data, Figure 2"
Frontier et al. 2021,10.1016/j.marenvres.2021.105277,Laminaria hyperborea,15m,7,0.989051095,NA,1,"Data, Figure 2"
Frontier et al. 2021,10.1016/j.marenvres.2021.105277,Laminaria hyperborea,15m,7,0.993951613,NA,1,"Data, Figure 2"
Frontier et al. 2021,10.1016/j.marenvres.2021.105277,Laminaria hyperborea,15m,7,0.9296875,NA,1,"Data, Figure 2"
Frontier et al. 2021,10.1016/j.marenvres.2021.105277,Laminaria hyperborea,15m,7,0.986111111,NA,1,"Data, Figure 2"
Frontier et al. 2021,10.1016/j.marenvres.2021.105277,Laminaria hyperborea,30m,7,0.961787565,NA,1,"Data, Figure 2"
Frontier et al. 2021,10.1016/j.marenvres.2021.105277,Laminaria hyperborea,30m,7,0.950083195,NA,1,"Data, Figure 2"
Frontier et al. 2021,10.1016/j.marenvres.2021.105277,Laminaria hyperborea,30m,7,0.983590734,NA,1,"Data, Figure 2"
Frontier et al. 2021,10.1016/j.marenvres.2021.105277,Laminaria hyperborea,30m,7,0.225575854,NA,1,"Data, Figure 2"
Frontier et al. 2021,10.1016/j.marenvres.2021.105277,Laminaria hyperborea,30m,7,0.768211921,NA,1,"Data, Figure 2"
Frontier et al. 2021,10.1016/j.marenvres.2021.105277,Laminaria ochroleuca,0m,7,0.974657534,NA,1,"Data, Figure 2"
Frontier et al. 2021,10.1016/j.marenvres.2021.105277,Laminaria ochroleuca,0m,7,0.983686786,NA,1,"Data, Figure 2"
Frontier et al. 2021,10.1016/j.marenvres.2021.105277,Laminaria ochroleuca,0m,7,0.980938416,NA,1,"Data, Figure 2"
Frontier et al. 2021,10.1016/j.marenvres.2021.105277,Laminaria ochroleuca,0m,7,0.985099338,NA,1,"Data, Figure 2"
Frontier et al. 2021,10.1016/j.marenvres.2021.105277,Laminaria ochroleuca,0m,7,0.961931291,NA,1,"Data, Figure 2"
Frontier et al. 2021,10.1016/j.marenvres.2021.105277,Laminaria ochroleuca,15m,7,0.988717949,NA,1,"Data, Figure 2"
Frontier et al. 2021,10.1016/j.marenvres.2021.105277,Laminaria ochroleuca,15m,7,0.904530744,NA,1,"Data, Figure 2"
Frontier et al. 2021,10.1016/j.marenvres.2021.105277,Laminaria ochroleuca,15m,7,0.988110964,NA,1,"Data, Figure 2"
Frontier et al. 2021,10.1016/j.marenvres.2021.105277,Laminaria ochroleuca,15m,7,0.987730061,NA,1,"Data, Figure 2"
Frontier et al. 2021,10.1016/j.marenvres.2021.105277,Laminaria ochroleuca,15m,7,0.944177093,NA,1,"Data, Figure 2"
Frontier et al. 2021,10.1016/j.marenvres.2021.105277,Laminaria ochroleuca,30m,7,0.997590361,NA,1,"Data, Figure 2"
Frontier et al. 2021,10.1016/j.marenvres.2021.105277,Laminaria ochroleuca,30m,7,0.958236659,NA,1,"Data, Figure 2"
Frontier et al. 2021,10.1016/j.marenvres.2021.105277,Laminaria ochroleuca,30m,7,0.968636032,NA,1,"Data, Figure 2"
Frontier et al. 2021,10.1016/j.marenvres.2021.105277,Laminaria ochroleuca,30m,7,0.988715278,NA,1,"Data, Figure 2"
Frontier et al. 2021,10.1016/j.marenvres.2021.105277,Laminaria ochroleuca,30m,7,0.854875283,NA,1,"Data, Figure 2"
Frontier et al. 2021,10.1016/j.marenvres.2021.105277,Laminaria hyperborea,0m,14,0.983081847,NA,1,"Data, Figure 2"
Frontier et al. 2021,10.1016/j.marenvres.2021.105277,Laminaria hyperborea,0m,14,0.977777778,NA,1,"Data, Figure 2"
Frontier et al. 2021,10.1016/j.marenvres.2021.105277,Laminaria hyperborea,0m,14,0.975240715,NA,1,"Data, Figure 2"
Frontier et al. 2021,10.1016/j.marenvres.2021.105277,Laminaria hyperborea,0m,14,0.977309562,NA,1,"Data, Figure 2"
Frontier et al. 2021,10.1016/j.marenvres.2021.105277,Laminaria hyperborea,0m,14,0.944669366,NA,1,"Data, Figure 2"
Frontier et al. 2021,10.1016/j.marenvres.2021.105277,Laminaria hyperborea,15m,14,0.941532258,NA,1,"Data, Figure 2"
Frontier et al. 2021,10.1016/j.marenvres.2021.105277,Laminaria hyperborea,15m,14,0.982360097,NA,1,"Data, Figure 2"
Frontier et al. 2021,10.1016/j.marenvres.2021.105277,Laminaria hyperborea,15m,14,0.993951613,NA,1,"Data, Figure 2"
Frontier et al. 2021,10.1016/j.marenvres.2021.105277,Laminaria hyperborea,15m,14,0.27890625,NA,1,"Data, Figure 2"
Frontier et al. 2021,10.1016/j.marenvres.2021.105277,Laminaria hyperborea,15m,14,0.981481482,NA,1,"Data, Figure 2"
Frontier et al. 2021,10.1016/j.marenvres.2021.105277,Laminaria hyperborea,30m,14,0.827609428,NA,1,"Data, Figure 2"
Frontier et al. 2021,10.1016/j.marenvres.2021.105277,Laminaria hyperborea,30m,14,0.613144759,NA,1,"Data, Figure 2"
Frontier et al. 2021,10.1016/j.marenvres.2021.105277,Laminaria hyperborea,30m,14,0.976833977,NA,1,"Data, Figure 2"
Frontier et al. 2021,10.1016/j.marenvres.2021.105277,Laminaria hyperborea,30m,14,0,NA,1,"Data, Figure 2"
Frontier et al. 2021,10.1016/j.marenvres.2021.105277,Laminaria hyperborea,30m,14,0,NA,1,"Data, Figure 2"
Frontier et al. 2021,10.1016/j.marenvres.2021.105277,Laminaria ochroleuca,0m,14,1,NA,1,"Data, Figure 2"
Frontier et al. 2021,10.1016/j.marenvres.2021.105277,Laminaria ochroleuca,0m,14,1.016313214,NA,1,"Data, Figure 2"
Frontier et al. 2021,10.1016/j.marenvres.2021.105277,Laminaria ochroleuca,0m,14,0.999266862,NA,1,"Data, Figure 2"
Frontier et al. 2021,10.1016/j.marenvres.2021.105277,Laminaria ochroleuca,0m,14,1.022350993,NA,1,"Data, Figure 2"
Frontier et al. 2021,10.1016/j.marenvres.2021.105277,Laminaria ochroleuca,0m,14,0.96007428,NA,1,"Data, Figure 2"
Frontier et al. 2021,10.1016/j.marenvres.2021.105277,Laminaria ochroleuca,15m,14,0.928205128,NA,1,"Data, Figure 2"
Frontier et al. 2021,10.1016/j.marenvres.2021.105277,Laminaria ochroleuca,15m,14,0.905339806,NA,1,"Data, Figure 2"
Frontier et al. 2021,10.1016/j.marenvres.2021.105277,Laminaria ochroleuca,15m,14,0.991413474,NA,1,"Data, Figure 2"
Frontier et al. 2021,10.1016/j.marenvres.2021.105277,Laminaria ochroleuca,15m,14,0.997699387,NA,1,"Data, Figure 2"
Frontier et al. 2021,10.1016/j.marenvres.2021.105277,Laminaria ochroleuca,15m,14,0.89412897,NA,1,"Data, Figure 2"
Frontier et al. 2021,10.1016/j.marenvres.2021.105277,Laminaria ochroleuca,30m,14,0.993574297,NA,1,"Data, Figure 2"
Frontier et al. 2021,10.1016/j.marenvres.2021.105277,Laminaria ochroleuca,30m,14,0.94199536,NA,1,"Data, Figure 2"
Frontier et al. 2021,10.1016/j.marenvres.2021.105277,Laminaria ochroleuca,30m,14,0.956236324,NA,1,"Data, Figure 2"
Frontier et al. 2021,10.1016/j.marenvres.2021.105277,Laminaria ochroleuca,30m,14,0.987847222,NA,1,"Data, Figure 2"
Frontier et al. 2021,10.1016/j.marenvres.2021.105277,Laminaria ochroleuca,30m,14,0.775510204,NA,1,"Data, Figure 2"
Frontier et al. 2021,10.1016/j.marenvres.2021.105277,Laminaria hyperborea,0m,21,0.998171011,NA,1,"Data, Figure 2"
Frontier et al. 2021,10.1016/j.marenvres.2021.105277,Laminaria hyperborea,0m,21,0.988148148,NA,1,"Data, Figure 2"
Frontier et al. 2021,10.1016/j.marenvres.2021.105277,Laminaria hyperborea,0m,21,0.989683631,NA,1,"Data, Figure 2"
Frontier et al. 2021,10.1016/j.marenvres.2021.105277,Laminaria hyperborea,0m,21,0.998379255,NA,1,"Data, Figure 2"
Frontier et al. 2021,10.1016/j.marenvres.2021.105277,Laminaria hyperborea,0m,21,0.960188934,NA,1,"Data, Figure 2"
Frontier et al. 2021,10.1016/j.marenvres.2021.105277,Laminaria hyperborea,15m,21,0.610887097,NA,1,"Data, Figure 2"
Frontier et al. 2021,10.1016/j.marenvres.2021.105277,Laminaria hyperborea,15m,21,0.982360097,NA,1,"Data, Figure 2"
Frontier et al. 2021,10.1016/j.marenvres.2021.105277,Laminaria hyperborea,15m,21,0.984375,NA,1,"Data, Figure 2"
Frontier et al. 2021,10.1016/j.marenvres.2021.105277,Laminaria hyperborea,15m,21,0.134375,NA,1,"Data, Figure 2"
Frontier et al. 2021,10.1016/j.marenvres.2021.105277,Laminaria hyperborea,15m,21,0.970679012,NA,1,"Data, Figure 2"
Frontier et al. 2021,10.1016/j.marenvres.2021.105277,Laminaria hyperborea,30m,21,0.102331606,NA,1,"Data, Figure 2"
Frontier et al. 2021,10.1016/j.marenvres.2021.105277,Laminaria hyperborea,30m,21,0.358569052,NA,1,"Data, Figure 2"
Frontier et al. 2021,10.1016/j.marenvres.2021.105277,Laminaria hyperborea,30m,21,0.953667954,NA,1,"Data, Figure 2"
Frontier et al. 2021,10.1016/j.marenvres.2021.105277,Laminaria hyperborea,30m,21,0,NA,1,"Data, Figure 2"
Frontier et al. 2021,10.1016/j.marenvres.2021.105277,Laminaria hyperborea,30m,21,0,NA,1,"Data, Figure 2"
Frontier et al. 2021,10.1016/j.marenvres.2021.105277,Laminaria ochroleuca,0m,21,1.057534247,NA,1,"Data, Figure 2"
Frontier et al. 2021,10.1016/j.marenvres.2021.105277,Laminaria ochroleuca,0m,21,1.052202284,NA,1,"Data, Figure 2"
Frontier et al. 2021,10.1016/j.marenvres.2021.105277,Laminaria ochroleuca,0m,21,1.053519062,NA,1,"Data, Figure 2"
Frontier et al. 2021,10.1016/j.marenvres.2021.105277,Laminaria ochroleuca,0m,21,1.089403974,NA,1,"Data, Figure 2"
Frontier et al. 2021,10.1016/j.marenvres.2021.105277,Laminaria ochroleuca,0m,21,0.959145775,NA,1,"Data, Figure 2"
Frontier et al. 2021,10.1016/j.marenvres.2021.105277,Laminaria ochroleuca,15m,21,0.841025641,NA,1,"Data, Figure 2"
Frontier et al. 2021,10.1016/j.marenvres.2021.105277,Laminaria ochroleuca,15m,21,0.931229774,NA,1,"Data, Figure 2"
Frontier et al. 2021,10.1016/j.marenvres.2021.105277,Laminaria ochroleuca,15m,21,1.014531044,NA,1,"Data, Figure 2"
Frontier et al. 2021,10.1016/j.marenvres.2021.105277,Laminaria ochroleuca,15m,21,1.025306748,NA,1,"Data, Figure 2"
Frontier et al. 2021,10.1016/j.marenvres.2021.105277,Laminaria ochroleuca,15m,21,0.914340712,NA,1,"Data, Figure 2"
Frontier et al. 2021,10.1016/j.marenvres.2021.105277,Laminaria ochroleuca,30m,21,0.963855422,NA,1,"Data, Figure 2"
Frontier et al. 2021,10.1016/j.marenvres.2021.105277,Laminaria ochroleuca,30m,21,0.895591647,NA,1,"Data, Figure 2"
Frontier et al. 2021,10.1016/j.marenvres.2021.105277,Laminaria ochroleuca,30m,21,0.937272064,NA,1,"Data, Figure 2"
Frontier et al. 2021,10.1016/j.marenvres.2021.105277,Laminaria ochroleuca,30m,21,0.979166667,NA,1,"Data, Figure 2"
Frontier et al. 2021,10.1016/j.marenvres.2021.105277,Laminaria ochroleuca,30m,21,0.468253968,NA,1,"Data, Figure 2"
Frontier et al. 2021,10.1016/j.marenvres.2021.105277,Laminaria hyperborea,0m,27,0.997713763,NA,1,"Data, Figure 2"
Frontier et al. 2021,10.1016/j.marenvres.2021.105277,Laminaria hyperborea,0m,27,0.985925926,NA,1,"Data, Figure 2"
Frontier et al. 2021,10.1016/j.marenvres.2021.105277,Laminaria hyperborea,0m,27,0.985557084,NA,1,"Data, Figure 2"
Frontier et al. 2021,10.1016/j.marenvres.2021.105277,Laminaria hyperborea,0m,27,0.995137763,NA,1,"Data, Figure 2"
Frontier et al. 2021,10.1016/j.marenvres.2021.105277,Laminaria hyperborea,0m,27,0.960188934,NA,1,"Data, Figure 2"
Frontier et al. 2021,10.1016/j.marenvres.2021.105277,Laminaria hyperborea,15m,27,0.329133065,NA,1,"Data, Figure 2"
Frontier et al. 2021,10.1016/j.marenvres.2021.105277,Laminaria hyperborea,15m,27,0.98053528,NA,1,"Data, Figure 2"
Frontier et al. 2021,10.1016/j.marenvres.2021.105277,Laminaria hyperborea,15m,27,0.986895161,NA,1,"Data, Figure 2"
Frontier et al. 2021,10.1016/j.marenvres.2021.105277,Laminaria hyperborea,15m,27,0.10234375,NA,1,"Data, Figure 2"
Frontier et al. 2021,10.1016/j.marenvres.2021.105277,Laminaria hyperborea,15m,27,0.93287037,NA,1,"Data, Figure 2"
Frontier et al. 2021,10.1016/j.marenvres.2021.105277,Laminaria hyperborea,30m,27,0,NA,1,"Data, Figure 2"
Frontier et al. 2021,10.1016/j.marenvres.2021.105277,Laminaria hyperborea,30m,27,0.201331115,NA,1,"Data, Figure 2"
Frontier et al. 2021,10.1016/j.marenvres.2021.105277,Laminaria hyperborea,30m,27,0.953667954,NA,1,"Data, Figure 2"
Frontier et al. 2021,10.1016/j.marenvres.2021.105277,Laminaria hyperborea,30m,27,0,NA,1,"Data, Figure 2"
Frontier et al. 2021,10.1016/j.marenvres.2021.105277,Laminaria hyperborea,30m,27,0,NA,1,"Data, Figure 2"
Frontier et al. 2021,10.1016/j.marenvres.2021.105277,Laminaria ochroleuca,0m,27,0.993150685,NA,1,"Data, Figure 2"
Frontier et al. 2021,10.1016/j.marenvres.2021.105277,Laminaria ochroleuca,0m,27,1.065252855,NA,1,"Data, Figure 2"
Frontier et al. 2021,10.1016/j.marenvres.2021.105277,Laminaria ochroleuca,0m,27,1.070381232,NA,1,"Data, Figure 2"
Frontier et al. 2021,10.1016/j.marenvres.2021.105277,Laminaria ochroleuca,0m,27,1.105960265,NA,1,"Data, Figure 2"
Frontier et al. 2021,10.1016/j.marenvres.2021.105277,Laminaria ochroleuca,0m,27,0.951717734,NA,1,"Data, Figure 2"
Frontier et al. 2021,10.1016/j.marenvres.2021.105277,Laminaria ochroleuca,15m,27,0.826666667,NA,1,"Data, Figure 2"
Frontier et al. 2021,10.1016/j.marenvres.2021.105277,Laminaria ochroleuca,15m,27,0.949838188,NA,1,"Data, Figure 2"
Frontier et al. 2021,10.1016/j.marenvres.2021.105277,Laminaria ochroleuca,15m,27,1.027741083,NA,1,"Data, Figure 2"
Frontier et al. 2021,10.1016/j.marenvres.2021.105277,Laminaria ochroleuca,15m,27,1.045245399,NA,1,"Data, Figure 2"
Frontier et al. 2021,10.1016/j.marenvres.2021.105277,Laminaria ochroleuca,15m,27,0.948026949,NA,1,"Data, Figure 2"
Frontier et al. 2021,10.1016/j.marenvres.2021.105277,Laminaria ochroleuca,30m,27,0.934136546,NA,1,"Data, Figure 2"
Frontier et al. 2021,10.1016/j.marenvres.2021.105277,Laminaria ochroleuca,30m,27,0.658159319,NA,1,"Data, Figure 2"
Frontier et al. 2021,10.1016/j.marenvres.2021.105277,Laminaria ochroleuca,30m,27,0.934354486,NA,1,"Data, Figure 2"
Frontier et al. 2021,10.1016/j.marenvres.2021.105277,Laminaria ochroleuca,30m,27,0.977430556,NA,1,"Data, Figure 2"
Frontier et al. 2021,10.1016/j.marenvres.2021.105277,Laminaria ochroleuca,30m,27,0,NA,1,"Data, Figure 2"
Frontier et al. 2021,10.1016/j.marenvres.2021.105277,Laminaria hyperborea,0m,47,1.014631916,NA,1,"Data, Figure 2"
Frontier et al. 2021,10.1016/j.marenvres.2021.105277,Laminaria hyperborea,0m,47,1.017777778,NA,1,"Data, Figure 2"
Frontier et al. 2021,10.1016/j.marenvres.2021.105277,Laminaria hyperborea,0m,47,1.009628611,NA,1,"Data, Figure 2"
Frontier et al. 2021,10.1016/j.marenvres.2021.105277,Laminaria hyperborea,0m,47,1.021880065,NA,1,"Data, Figure 2"
Frontier et al. 2021,10.1016/j.marenvres.2021.105277,Laminaria hyperborea,0m,47,0.983805668,NA,1,"Data, Figure 2"
Frontier et al. 2021,10.1016/j.marenvres.2021.105277,Laminaria hyperborea,15m,47,0,NA,1,"Data, Figure 2"
Frontier et al. 2021,10.1016/j.marenvres.2021.105277,Laminaria hyperborea,15m,47,1.00973236,NA,1,"Data, Figure 2"
Frontier et al. 2021,10.1016/j.marenvres.2021.105277,Laminaria hyperborea,15m,47,1.025705645,NA,1,"Data, Figure 2"
Frontier et al. 2021,10.1016/j.marenvres.2021.105277,Laminaria hyperborea,15m,47,0,NA,1,"Data, Figure 2"
Frontier et al. 2021,10.1016/j.marenvres.2021.105277,Laminaria hyperborea,15m,47,0.942901235,NA,1,"Data, Figure 2"
Frontier et al. 2021,10.1016/j.marenvres.2021.105277,Laminaria hyperborea,30m,47,0,NA,1,"Data, Figure 2"
Frontier et al. 2021,10.1016/j.marenvres.2021.105277,Laminaria hyperborea,30m,47,0,NA,1,"Data, Figure 2"
Frontier et al. 2021,10.1016/j.marenvres.2021.105277,Laminaria hyperborea,30m,47,0.838803089,NA,1,"Data, Figure 2"
Frontier et al. 2021,10.1016/j.marenvres.2021.105277,Laminaria hyperborea,30m,47,0,NA,1,"Data, Figure 2"
Frontier et al. 2021,10.1016/j.marenvres.2021.105277,Laminaria hyperborea,30m,47,0,NA,1,"Data, Figure 2"
Frontier et al. 2021,10.1016/j.marenvres.2021.105277,Laminaria ochroleuca,0m,47,0.98630137,NA,1,"Data, Figure 2"
Frontier et al. 2021,10.1016/j.marenvres.2021.105277,Laminaria ochroleuca,0m,47,1.067699837,NA,1,"Data, Figure 2"
Frontier et al. 2021,10.1016/j.marenvres.2021.105277,Laminaria ochroleuca,0m,47,1.055718475,NA,1,"Data, Figure 2"
Frontier et al. 2021,10.1016/j.marenvres.2021.105277,Laminaria ochroleuca,0m,47,1.197019868,NA,1,"Data, Figure 2"
Frontier et al. 2021,10.1016/j.marenvres.2021.105277,Laminaria ochroleuca,0m,47,0.987000929,NA,1,"Data, Figure 2"
Frontier et al. 2021,10.1016/j.marenvres.2021.105277,Laminaria ochroleuca,15m,47,0.786666667,NA,1,"Data, Figure 2"
Frontier et al. 2021,10.1016/j.marenvres.2021.105277,Laminaria ochroleuca,15m,47,0.99433657,NA,1,"Data, Figure 2"
Frontier et al. 2021,10.1016/j.marenvres.2021.105277,Laminaria ochroleuca,15m,47,1.07992074,NA,1,"Data, Figure 2"
Frontier et al. 2021,10.1016/j.marenvres.2021.105277,Laminaria ochroleuca,15m,47,1.097392638,NA,1,"Data, Figure 2"
Frontier et al. 2021,10.1016/j.marenvres.2021.105277,Laminaria ochroleuca,15m,47,1.038498556,NA,1,"Data, Figure 2"
Frontier et al. 2021,10.1016/j.marenvres.2021.105277,Laminaria ochroleuca,30m,47,0,NA,1,"Data, Figure 2"
Frontier et al. 2021,10.1016/j.marenvres.2021.105277,Laminaria ochroleuca,30m,47,0,NA,1,"Data, Figure 2"
Frontier et al. 2021,10.1016/j.marenvres.2021.105277,Laminaria ochroleuca,30m,47,0.895696572,NA,1,"Data, Figure 2"
Frontier et al. 2021,10.1016/j.marenvres.2021.105277,Laminaria ochroleuca,30m,47,0.986979167,NA,1,"Data, Figure 2"
Frontier et al. 2021,10.1016/j.marenvres.2021.105277,Laminaria ochroleuca,30m,47,0,NA,1,"Data, Figure 2"
Frontier et al. 2021,10.1016/j.marenvres.2021.105277,Laminaria hyperborea,0m,99,0.934156379,NA,1,"Data, Figure 2"
Frontier et al. 2021,10.1016/j.marenvres.2021.105277,Laminaria hyperborea,0m,99,1.018518519,NA,1,"Data, Figure 2"
Frontier et al. 2021,10.1016/j.marenvres.2021.105277,Laminaria hyperborea,0m,99,0.972489684,NA,1,"Data, Figure 2"
Frontier et al. 2021,10.1016/j.marenvres.2021.105277,Laminaria hyperborea,0m,99,0.927876823,NA,1,"Data, Figure 2"
Frontier et al. 2021,10.1016/j.marenvres.2021.105277,Laminaria hyperborea,0m,99,1.007422402,NA,1,"Data, Figure 2"
Frontier et al. 2021,10.1016/j.marenvres.2021.105277,Laminaria hyperborea,15m,99,0,NA,1,"Data, Figure 2"
Frontier et al. 2021,10.1016/j.marenvres.2021.105277,Laminaria hyperborea,15m,99,1.01459854,NA,1,"Data, Figure 2"
Frontier et al. 2021,10.1016/j.marenvres.2021.105277,Laminaria hyperborea,15m,99,1.032762097,NA,1,"Data, Figure 2"
Frontier et al. 2021,10.1016/j.marenvres.2021.105277,Laminaria hyperborea,15m,99,0,NA,1,"Data, Figure 2"
Frontier et al. 2021,10.1016/j.marenvres.2021.105277,Laminaria hyperborea,15m,99,0.958333333,NA,1,"Data, Figure 2"
Frontier et al. 2021,10.1016/j.marenvres.2021.105277,Laminaria hyperborea,30m,99,0,NA,1,"Data, Figure 2"
Frontier et al. 2021,10.1016/j.marenvres.2021.105277,Laminaria hyperborea,30m,99,0,NA,1,"Data, Figure 2"
Frontier et al. 2021,10.1016/j.marenvres.2021.105277,Laminaria hyperborea,30m,99,0,NA,1,"Data, Figure 2"
Frontier et al. 2021,10.1016/j.marenvres.2021.105277,Laminaria hyperborea,30m,99,0,NA,1,"Data, Figure 2"
Frontier et al. 2021,10.1016/j.marenvres.2021.105277,Laminaria hyperborea,30m,99,0,NA,1,"Data, Figure 2"
Frontier et al. 2021,10.1016/j.marenvres.2021.105277,Laminaria ochroleuca,0m,99,0,NA,1,"Data, Figure 2"
Frontier et al. 2021,10.1016/j.marenvres.2021.105277,Laminaria ochroleuca,0m,99,0,NA,1,"Data, Figure 2"
Frontier et al. 2021,10.1016/j.marenvres.2021.105277,Laminaria ochroleuca,0m,99,0.328445748,NA,1,"Data, Figure 2"
Frontier et al. 2021,10.1016/j.marenvres.2021.105277,Laminaria ochroleuca,0m,99,0,NA,1,"Data, Figure 2"
Frontier et al. 2021,10.1016/j.marenvres.2021.105277,Laminaria ochroleuca,0m,99,0,NA,1,"Data, Figure 2"
Frontier et al. 2021,10.1016/j.marenvres.2021.105277,Laminaria ochroleuca,15m,99,0,NA,1,"Data, Figure 2"
Frontier et al. 2021,10.1016/j.marenvres.2021.105277,Laminaria ochroleuca,15m,99,0.972491909,NA,1,"Data, Figure 2"
Frontier et al. 2021,10.1016/j.marenvres.2021.105277,Laminaria ochroleuca,15m,99,1.088507266,NA,1,"Data, Figure 2"
Frontier et al. 2021,10.1016/j.marenvres.2021.105277,Laminaria ochroleuca,15m,99,1.19095092,NA,1,"Data, Figure 2"
Frontier et al. 2021,10.1016/j.marenvres.2021.105277,Laminaria ochroleuca,15m,99,0.89894129,NA,1,"Data, Figure 2"
Frontier et al. 2021,10.1016/j.marenvres.2021.105277,Laminaria ochroleuca,30m,99,0,NA,1,"Data, Figure 2"
Frontier et al. 2021,10.1016/j.marenvres.2021.105277,Laminaria ochroleuca,30m,99,0,NA,1,"Data, Figure 2"
Frontier et al. 2021,10.1016/j.marenvres.2021.105277,Laminaria ochroleuca,30m,99,0,NA,1,"Data, Figure 2"
Frontier et al. 2021,10.1016/j.marenvres.2021.105277,Laminaria ochroleuca,30m,99,0,NA,1,"Data, Figure 2"
Frontier et al. 2021,10.1016/j.marenvres.2021.105277,Laminaria ochroleuca,30m,99,0,NA,1,"Data, Figure 2"
Frontier et al. 2022,10.1016/j.marenvres.2021.105529,Laminaria hyperborea,0.5m,0,1,NA,1,"Data, Figure 2"
Frontier et al. 2022,10.1016/j.marenvres.2021.105529,Laminaria ochroleuca,0.5m,0,1,NA,1,"Data, Figure 2"
Frontier et al. 2022,10.1016/j.marenvres.2021.105529,Laminaria hyperborea,1.5m,0,1,NA,1,"Data, Figure 2"
Frontier et al. 2022,10.1016/j.marenvres.2021.105529,Laminaria ochroleuca,1.5m,0,1,NA,1,"Data, Figure 2"
Frontier et al. 2022,10.1016/j.marenvres.2021.105529,Laminaria hyperborea,3m,0,1,NA,1,"Data, Figure 2"
Frontier et al. 2022,10.1016/j.marenvres.2021.105529,Laminaria ochroleuca,3m,0,1,NA,1,"Data, Figure 2"
Frontier et al. 2022,10.1016/j.marenvres.2021.105529,Laminaria hyperborea,0.5m,7,0.971428571,NA,1,"Data, Figure 2"
Frontier et al. 2022,10.1016/j.marenvres.2021.105529,Laminaria ochroleuca,0.5m,7,1.0625,NA,1,"Data, Figure 2"
Frontier et al. 2022,10.1016/j.marenvres.2021.105529,Laminaria hyperborea,0.5m,7,0.948717949,NA,1,"Data, Figure 2"
Frontier et al. 2022,10.1016/j.marenvres.2021.105529,Laminaria ochroleuca,0.5m,7,1,NA,1,"Data, Figure 2"
Frontier et al. 2022,10.1016/j.marenvres.2021.105529,Laminaria hyperborea,1.5m,7,0.952380952,NA,1,"Data, Figure 2"
Frontier et al. 2022,10.1016/j.marenvres.2021.105529,Laminaria ochroleuca,1.5m,7,0.972972973,NA,1,"Data, Figure 2"
Frontier et al. 2022,10.1016/j.marenvres.2021.105529,Laminaria hyperborea,1.5m,7,0.90625,NA,1,"Data, Figure 2"
Frontier et al. 2022,10.1016/j.marenvres.2021.105529,Laminaria ochroleuca,1.5m,7,1.043478261,NA,1,"Data, Figure 2"
Frontier et al. 2022,10.1016/j.marenvres.2021.105529,Laminaria hyperborea,3m,7,0.934782609,NA,1,"Data, Figure 2"
Frontier et al. 2022,10.1016/j.marenvres.2021.105529,Laminaria ochroleuca,3m,7,1.057142857,NA,1,"Data, Figure 2"
Frontier et al. 2022,10.1016/j.marenvres.2021.105529,Laminaria hyperborea,3m,7,0.926829268,NA,1,"Data, Figure 2"
Frontier et al. 2022,10.1016/j.marenvres.2021.105529,Laminaria ochroleuca,3m,7,1,NA,1,"Data, Figure 2"
Frontier et al. 2022,10.1016/j.marenvres.2021.105529,Laminaria hyperborea,0.5m,7,1.022222222,NA,1,"Data, Figure 2"
Frontier et al. 2022,10.1016/j.marenvres.2021.105529,Laminaria ochroleuca,0.5m,7,0.970588235,NA,1,"Data, Figure 2"
Frontier et al. 2022,10.1016/j.marenvres.2021.105529,Laminaria hyperborea,0.5m,7,0.981481482,NA,1,"Data, Figure 2"
Frontier et al. 2022,10.1016/j.marenvres.2021.105529,Laminaria ochroleuca,0.5m,7,1.108108108,NA,1,"Data, Figure 2"
Frontier et al. 2022,10.1016/j.marenvres.2021.105529,Laminaria hyperborea,1.5m,7,0.972972973,NA,1,"Data, Figure 2"
Frontier et al. 2022,10.1016/j.marenvres.2021.105529,Laminaria ochroleuca,1.5m,7,1.029411765,NA,1,"Data, Figure 2"
Frontier et al. 2022,10.1016/j.marenvres.2021.105529,Laminaria hyperborea,1.5m,7,0.978723404,NA,1,"Data, Figure 2"
Frontier et al. 2022,10.1016/j.marenvres.2021.105529,Laminaria ochroleuca,1.5m,7,1.114285714,NA,1,"Data, Figure 2"
Frontier et al. 2022,10.1016/j.marenvres.2021.105529,Laminaria hyperborea,3m,7,0.943396226,NA,1,"Data, Figure 2"
Frontier et al. 2022,10.1016/j.marenvres.2021.105529,Laminaria ochroleuca,3m,7,1.108108108,NA,1,"Data, Figure 2"
Frontier et al. 2022,10.1016/j.marenvres.2021.105529,Laminaria hyperborea,3m,7,0.973684211,NA,1,"Data, Figure 2"
Frontier et al. 2022,10.1016/j.marenvres.2021.105529,Laminaria ochroleuca,3m,7,1.148148148,NA,1,"Data, Figure 2"
Frontier et al. 2022,10.1016/j.marenvres.2021.105529,Laminaria hyperborea,0.5m,7,1.021276596,NA,1,"Data, Figure 2"
Frontier et al. 2022,10.1016/j.marenvres.2021.105529,Laminaria ochroleuca,0.5m,7,1.066666667,NA,1,"Data, Figure 2"
Frontier et al. 2022,10.1016/j.marenvres.2021.105529,Laminaria hyperborea,0.5m,7,0.945454546,NA,1,"Data, Figure 2"
Frontier et al. 2022,10.1016/j.marenvres.2021.105529,Laminaria ochroleuca,0.5m,7,1.085106383,NA,1,"Data, Figure 2"
Frontier et al. 2022,10.1016/j.marenvres.2021.105529,Laminaria hyperborea,1.5m,7,1.023255814,NA,1,"Data, Figure 2"
Frontier et al. 2022,10.1016/j.marenvres.2021.105529,Laminaria ochroleuca,1.5m,7,1.086956522,NA,1,"Data, Figure 2"
Frontier et al. 2022,10.1016/j.marenvres.2021.105529,Laminaria hyperborea,1.5m,7,0.903846154,NA,1,"Data, Figure 2"
Frontier et al. 2022,10.1016/j.marenvres.2021.105529,Laminaria ochroleuca,1.5m,7,1.04,NA,1,"Data, Figure 2"
Frontier et al. 2022,10.1016/j.marenvres.2021.105529,Laminaria hyperborea,3m,7,1,NA,1,"Data, Figure 2"
Frontier et al. 2022,10.1016/j.marenvres.2021.105529,Laminaria ochroleuca,3m,7,1.054054054,NA,1,"Data, Figure 2"
Frontier et al. 2022,10.1016/j.marenvres.2021.105529,Laminaria hyperborea,3m,7,0.905660377,NA,1,"Data, Figure 2"
Frontier et al. 2022,10.1016/j.marenvres.2021.105529,Laminaria ochroleuca,3m,7,1.066666667,NA,1,"Data, Figure 2"
Frontier et al. 2022,10.1016/j.marenvres.2021.105529,Laminaria hyperborea,0.5m,12,1,NA,1,"Data, Figure 2"
Frontier et al. 2022,10.1016/j.marenvres.2021.105529,Laminaria ochroleuca,0.5m,12,1.125,NA,1,"Data, Figure 2"
Frontier et al. 2022,10.1016/j.marenvres.2021.105529,Laminaria hyperborea,0.5m,12,0.948717949,NA,1,"Data, Figure 2"
Frontier et al. 2022,10.1016/j.marenvres.2021.105529,Laminaria ochroleuca,0.5m,12,1.138888889,NA,1,"Data, Figure 2"
Frontier et al. 2022,10.1016/j.marenvres.2021.105529,Laminaria hyperborea,1.5m,12,1,NA,1,"Data, Figure 2"
Frontier et al. 2022,10.1016/j.marenvres.2021.105529,Laminaria ochroleuca,1.5m,12,1.297297297,NA,1,"Data, Figure 2"
Frontier et al. 2022,10.1016/j.marenvres.2021.105529,Laminaria hyperborea,1.5m,12,1.03125,NA,1,"Data, Figure 2"
Frontier et al. 2022,10.1016/j.marenvres.2021.105529,Laminaria ochroleuca,1.5m,12,1.152173913,NA,1,"Data, Figure 2"
Frontier et al. 2022,10.1016/j.marenvres.2021.105529,Laminaria hyperborea,3m,12,0.97826087,NA,1,"Data, Figure 2"
Frontier et al. 2022,10.1016/j.marenvres.2021.105529,Laminaria ochroleuca,3m,12,1.085714286,NA,1,"Data, Figure 2"
Frontier et al. 2022,10.1016/j.marenvres.2021.105529,Laminaria hyperborea,3m,12,1.146341463,NA,1,"Data, Figure 2"
Frontier et al. 2022,10.1016/j.marenvres.2021.105529,Laminaria ochroleuca,3m,12,1.03030303,NA,1,"Data, Figure 2"
Frontier et al. 2022,10.1016/j.marenvres.2021.105529,Laminaria hyperborea,0.5m,12,1,NA,1,"Data, Figure 2"
Frontier et al. 2022,10.1016/j.marenvres.2021.105529,Laminaria ochroleuca,0.5m,12,1,NA,1,"Data, Figure 2"
Frontier et al. 2022,10.1016/j.marenvres.2021.105529,Laminaria hyperborea,0.5m,12,0.962962963,NA,1,"Data, Figure 2"
Frontier et al. 2022,10.1016/j.marenvres.2021.105529,Laminaria ochroleuca,0.5m,12,1.027027027,NA,1,"Data, Figure 2"
Frontier et al. 2022,10.1016/j.marenvres.2021.105529,Laminaria hyperborea,1.5m,12,0.972972973,NA,1,"Data, Figure 2"
Frontier et al. 2022,10.1016/j.marenvres.2021.105529,Laminaria ochroleuca,1.5m,12,1.147058824,NA,1,"Data, Figure 2"
Frontier et al. 2022,10.1016/j.marenvres.2021.105529,Laminaria hyperborea,1.5m,12,1,NA,1,"Data, Figure 2"
Frontier et al. 2022,10.1016/j.marenvres.2021.105529,Laminaria ochroleuca,1.5m,12,1.171428571,NA,1,"Data, Figure 2"
Frontier et al. 2022,10.1016/j.marenvres.2021.105529,Laminaria hyperborea,3m,12,0.943396226,NA,1,"Data, Figure 2"
Frontier et al. 2022,10.1016/j.marenvres.2021.105529,Laminaria ochroleuca,3m,12,1.054054054,NA,1,"Data, Figure 2"
Frontier et al. 2022,10.1016/j.marenvres.2021.105529,Laminaria hyperborea,3m,12,0.973684211,NA,1,"Data, Figure 2"
Frontier et al. 2022,10.1016/j.marenvres.2021.105529,Laminaria ochroleuca,3m,12,1.074074074,NA,1,"Data, Figure 2"
Frontier et al. 2022,10.1016/j.marenvres.2021.105529,Laminaria hyperborea,0.5m,12,0.978723404,NA,1,"Data, Figure 2"
Frontier et al. 2022,10.1016/j.marenvres.2021.105529,Laminaria ochroleuca,0.5m,12,1.044444444,NA,1,"Data, Figure 2"
Frontier et al. 2022,10.1016/j.marenvres.2021.105529,Laminaria hyperborea,0.5m,12,0.945454546,NA,1,"Data, Figure 2"
Frontier et al. 2022,10.1016/j.marenvres.2021.105529,Laminaria ochroleuca,0.5m,12,1.063829787,NA,1,"Data, Figure 2"
Frontier et al. 2022,10.1016/j.marenvres.2021.105529,Laminaria hyperborea,1.5m,12,1.046511628,NA,1,"Data, Figure 2"
Frontier et al. 2022,10.1016/j.marenvres.2021.105529,Laminaria ochroleuca,1.5m,12,1,NA,1,"Data, Figure 2"
Frontier et al. 2022,10.1016/j.marenvres.2021.105529,Laminaria hyperborea,1.5m,12,0.75,NA,1,"Data, Figure 2"
Frontier et al. 2022,10.1016/j.marenvres.2021.105529,Laminaria ochroleuca,1.5m,12,0.8,NA,1,"Data, Figure 2"
Frontier et al. 2022,10.1016/j.marenvres.2021.105529,Laminaria hyperborea,3m,12,0.95,NA,1,"Data, Figure 2"
Frontier et al. 2022,10.1016/j.marenvres.2021.105529,Laminaria ochroleuca,3m,12,0.972972973,NA,1,"Data, Figure 2"
Frontier et al. 2022,10.1016/j.marenvres.2021.105529,Laminaria hyperborea,3m,12,0.886792453,NA,1,"Data, Figure 2"
Frontier et al. 2022,10.1016/j.marenvres.2021.105529,Laminaria ochroleuca,3m,12,0.955555556,NA,1,"Data, Figure 2"
Frontier et al. 2022,10.1016/j.marenvres.2021.105529,Laminaria hyperborea,0.5m,20,0.971428571,NA,1,"Data, Figure 2"
Frontier et al. 2022,10.1016/j.marenvres.2021.105529,Laminaria ochroleuca,0.5m,20,1.09375,NA,1,"Data, Figure 2"
Frontier et al. 2022,10.1016/j.marenvres.2021.105529,Laminaria hyperborea,0.5m,20,0.974358974,NA,1,"Data, Figure 2"
Frontier et al. 2022,10.1016/j.marenvres.2021.105529,Laminaria ochroleuca,0.5m,20,1.027777778,NA,1,"Data, Figure 2"
Frontier et al. 2022,10.1016/j.marenvres.2021.105529,Laminaria hyperborea,1.5m,20,1,NA,1,"Data, Figure 2"
Frontier et al. 2022,10.1016/j.marenvres.2021.105529,Laminaria ochroleuca,1.5m,20,0.783783784,NA,1,"Data, Figure 2"
Frontier et al. 2022,10.1016/j.marenvres.2021.105529,Laminaria hyperborea,1.5m,20,1,NA,1,"Data, Figure 2"
Frontier et al. 2022,10.1016/j.marenvres.2021.105529,Laminaria ochroleuca,1.5m,20,0.934782609,NA,1,"Data, Figure 2"
Frontier et al. 2022,10.1016/j.marenvres.2021.105529,Laminaria hyperborea,3m,20,0.891304348,NA,1,"Data, Figure 2"
Frontier et al. 2022,10.1016/j.marenvres.2021.105529,Laminaria ochroleuca,3m,20,1.114285714,NA,1,"Data, Figure 2"
Frontier et al. 2022,10.1016/j.marenvres.2021.105529,Laminaria hyperborea,3m,20,0.634146342,NA,1,"Data, Figure 2"
Frontier et al. 2022,10.1016/j.marenvres.2021.105529,Laminaria ochroleuca,3m,20,1.03030303,NA,1,"Data, Figure 2"
Frontier et al. 2022,10.1016/j.marenvres.2021.105529,Laminaria hyperborea,0.5m,20,1.066666667,NA,1,"Data, Figure 2"
Frontier et al. 2022,10.1016/j.marenvres.2021.105529,Laminaria ochroleuca,0.5m,20,0.911764706,NA,1,"Data, Figure 2"
Frontier et al. 2022,10.1016/j.marenvres.2021.105529,Laminaria hyperborea,0.5m,20,1.055555556,NA,1,"Data, Figure 2"
Frontier et al. 2022,10.1016/j.marenvres.2021.105529,Laminaria ochroleuca,0.5m,20,1.054054054,NA,1,"Data, Figure 2"
Frontier et al. 2022,10.1016/j.marenvres.2021.105529,Laminaria hyperborea,1.5m,20,1,NA,1,"Data, Figure 2"
Frontier et al. 2022,10.1016/j.marenvres.2021.105529,Laminaria ochroleuca,1.5m,20,1.117647059,NA,1,"Data, Figure 2"
Frontier et al. 2022,10.1016/j.marenvres.2021.105529,Laminaria hyperborea,1.5m,20,1.021276596,NA,1,"Data, Figure 2"
Frontier et al. 2022,10.1016/j.marenvres.2021.105529,Laminaria ochroleuca,1.5m,20,1.171428571,NA,1,"Data, Figure 2"
Frontier et al. 2022,10.1016/j.marenvres.2021.105529,Laminaria hyperborea,3m,20,0.981132076,NA,1,"Data, Figure 2"
Frontier et al. 2022,10.1016/j.marenvres.2021.105529,Laminaria ochroleuca,3m,20,1.054054054,NA,1,"Data, Figure 2"
Frontier et al. 2022,10.1016/j.marenvres.2021.105529,Laminaria hyperborea,3m,20,1.026315789,NA,1,"Data, Figure 2"
Frontier et al. 2022,10.1016/j.marenvres.2021.105529,Laminaria ochroleuca,3m,20,1.148148148,NA,1,"Data, Figure 2"
Frontier et al. 2022,10.1016/j.marenvres.2021.105529,Laminaria hyperborea,0.5m,20,1.085106383,NA,1,"Data, Figure 2"
Frontier et al. 2022,10.1016/j.marenvres.2021.105529,Laminaria ochroleuca,0.5m,20,0.933333333,NA,1,"Data, Figure 2"
Frontier et al. 2022,10.1016/j.marenvres.2021.105529,Laminaria hyperborea,0.5m,20,1.018181818,NA,1,"Data, Figure 2"
Frontier et al. 2022,10.1016/j.marenvres.2021.105529,Laminaria ochroleuca,0.5m,20,1.191489362,NA,1,"Data, Figure 2"
Frontier et al. 2022,10.1016/j.marenvres.2021.105529,Laminaria hyperborea,1.5m,20,1.093023256,NA,1,"Data, Figure 2"
Frontier et al. 2022,10.1016/j.marenvres.2021.105529,Laminaria ochroleuca,1.5m,20,1.130434783,NA,1,"Data, Figure 2"
Frontier et al. 2022,10.1016/j.marenvres.2021.105529,Laminaria hyperborea,1.5m,20,1,NA,1,"Data, Figure 2"
Frontier et al. 2022,10.1016/j.marenvres.2021.105529,Laminaria ochroleuca,1.5m,20,1.12,NA,1,"Data, Figure 2"
Frontier et al. 2022,10.1016/j.marenvres.2021.105529,Laminaria hyperborea,3m,20,0.925,NA,1,"Data, Figure 2"
Frontier et al. 2022,10.1016/j.marenvres.2021.105529,Laminaria ochroleuca,3m,20,0.918918919,NA,1,"Data, Figure 2"
Frontier et al. 2022,10.1016/j.marenvres.2021.105529,Laminaria hyperborea,3m,20,0.981132076,NA,1,"Data, Figure 2"
Frontier et al. 2022,10.1016/j.marenvres.2021.105529,Laminaria ochroleuca,3m,20,0.711111111,NA,1,"Data, Figure 2"
Frontier et al. 2022,10.1016/j.marenvres.2021.105529,Laminaria hyperborea,0.5m,26,1.028571429,NA,1,"Data, Figure 2"
Frontier et al. 2022,10.1016/j.marenvres.2021.105529,Laminaria ochroleuca,0.5m,26,1.15625,NA,1,"Data, Figure 2"
Frontier et al. 2022,10.1016/j.marenvres.2021.105529,Laminaria hyperborea,0.5m,26,0.974358974,NA,1,"Data, Figure 2"
Frontier et al. 2022,10.1016/j.marenvres.2021.105529,Laminaria ochroleuca,0.5m,26,1.111111111,NA,1,"Data, Figure 2"
Frontier et al. 2022,10.1016/j.marenvres.2021.105529,Laminaria hyperborea,1.5m,26,1.047619048,NA,1,"Data, Figure 2"
Frontier et al. 2022,10.1016/j.marenvres.2021.105529,Laminaria ochroleuca,1.5m,26,0.648648649,NA,1,"Data, Figure 2"
Frontier et al. 2022,10.1016/j.marenvres.2021.105529,Laminaria hyperborea,1.5m,26,1.03125,NA,1,"Data, Figure 2"
Frontier et al. 2022,10.1016/j.marenvres.2021.105529,Laminaria ochroleuca,1.5m,26,0.869565217,NA,1,"Data, Figure 2"
Frontier et al. 2022,10.1016/j.marenvres.2021.105529,Laminaria hyperborea,3m,26,0.673913044,NA,1,"Data, Figure 2"
Frontier et al. 2022,10.1016/j.marenvres.2021.105529,Laminaria ochroleuca,3m,26,1.085714286,NA,1,"Data, Figure 2"
Frontier et al. 2022,10.1016/j.marenvres.2021.105529,Laminaria hyperborea,3m,26,0.634146342,NA,1,"Data, Figure 2"
Frontier et al. 2022,10.1016/j.marenvres.2021.105529,Laminaria ochroleuca,3m,26,0.636363636,NA,1,"Data, Figure 2"
Frontier et al. 2022,10.1016/j.marenvres.2021.105529,Laminaria hyperborea,0.5m,26,1.088888889,NA,1,"Data, Figure 2"
Frontier et al. 2022,10.1016/j.marenvres.2021.105529,Laminaria ochroleuca,0.5m,26,0.823529412,NA,1,"Data, Figure 2"
Frontier et al. 2022,10.1016/j.marenvres.2021.105529,Laminaria hyperborea,0.5m,26,1.074074074,NA,1,"Data, Figure 2"
Frontier et al. 2022,10.1016/j.marenvres.2021.105529,Laminaria ochroleuca,0.5m,26,1.162162162,NA,1,"Data, Figure 2"
Frontier et al. 2022,10.1016/j.marenvres.2021.105529,Laminaria hyperborea,1.5m,26,1.108108108,NA,1,"Data, Figure 2"
Frontier et al. 2022,10.1016/j.marenvres.2021.105529,Laminaria ochroleuca,1.5m,26,1.147058824,NA,1,"Data, Figure 2"
Frontier et al. 2022,10.1016/j.marenvres.2021.105529,Laminaria hyperborea,1.5m,26,1.021276596,NA,1,"Data, Figure 2"
Frontier et al. 2022,10.1016/j.marenvres.2021.105529,Laminaria ochroleuca,1.5m,26,1.285714286,NA,1,"Data, Figure 2"
Frontier et al. 2022,10.1016/j.marenvres.2021.105529,Laminaria hyperborea,3m,26,1.037735849,NA,1,"Data, Figure 2"
Frontier et al. 2022,10.1016/j.marenvres.2021.105529,Laminaria ochroleuca,3m,26,0.945945946,NA,1,"Data, Figure 2"
Frontier et al. 2022,10.1016/j.marenvres.2021.105529,Laminaria hyperborea,3m,26,1,NA,1,"Data, Figure 2"
Frontier et al. 2022,10.1016/j.marenvres.2021.105529,Laminaria ochroleuca,3m,26,0.777777778,NA,1,"Data, Figure 2"
Frontier et al. 2022,10.1016/j.marenvres.2021.105529,Laminaria hyperborea,0.5m,26,1.085106383,NA,1,"Data, Figure 2"
Frontier et al. 2022,10.1016/j.marenvres.2021.105529,Laminaria ochroleuca,0.5m,26,0.888888889,NA,1,"Data, Figure 2"
Frontier et al. 2022,10.1016/j.marenvres.2021.105529,Laminaria hyperborea,0.5m,26,1.036363636,NA,1,"Data, Figure 2"
Frontier et al. 2022,10.1016/j.marenvres.2021.105529,Laminaria ochroleuca,0.5m,26,1.212765957,NA,1,"Data, Figure 2"
Frontier et al. 2022,10.1016/j.marenvres.2021.105529,Laminaria hyperborea,1.5m,26,1.046511628,NA,1,"Data, Figure 2"
Frontier et al. 2022,10.1016/j.marenvres.2021.105529,Laminaria ochroleuca,1.5m,26,1.173913043,NA,1,"Data, Figure 2"
Frontier et al. 2022,10.1016/j.marenvres.2021.105529,Laminaria hyperborea,1.5m,26,1.019230769,NA,1,"Data, Figure 2"
Frontier et al. 2022,10.1016/j.marenvres.2021.105529,Laminaria ochroleuca,1.5m,26,0.84,NA,1,"Data, Figure 2"
Frontier et al. 2022,10.1016/j.marenvres.2021.105529,Laminaria hyperborea,3m,26,0.85,NA,1,"Data, Figure 2"
Frontier et al. 2022,10.1016/j.marenvres.2021.105529,Laminaria ochroleuca,3m,26,0.675675676,NA,1,"Data, Figure 2"
Frontier et al. 2022,10.1016/j.marenvres.2021.105529,Laminaria hyperborea,3m,26,0.981132076,NA,1,"Data, Figure 2"
Frontier et al. 2022,10.1016/j.marenvres.2021.105529,Laminaria ochroleuca,3m,26,0.444444444,NA,1,"Data, Figure 2"
Frontier et al. 2022,10.1016/j.marenvres.2021.105529,Laminaria hyperborea,0.5m,33,1.057142857,NA,1,"Data, Figure 2"
Frontier et al. 2022,10.1016/j.marenvres.2021.105529,Laminaria ochroleuca,0.5m,33,1.1875,NA,1,"Data, Figure 2"
Frontier et al. 2022,10.1016/j.marenvres.2021.105529,Laminaria hyperborea,0.5m,33,1,NA,1,"Data, Figure 2"
Frontier et al. 2022,10.1016/j.marenvres.2021.105529,Laminaria ochroleuca,0.5m,33,1.138888889,NA,1,"Data, Figure 2"
Frontier et al. 2022,10.1016/j.marenvres.2021.105529,Laminaria hyperborea,1.5m,33,1.023809524,NA,1,"Data, Figure 2"
Frontier et al. 2022,10.1016/j.marenvres.2021.105529,Laminaria ochroleuca,1.5m,33,0.567567568,NA,1,"Data, Figure 2"
Frontier et al. 2022,10.1016/j.marenvres.2021.105529,Laminaria hyperborea,1.5m,33,1.03125,NA,1,"Data, Figure 2"
Frontier et al. 2022,10.1016/j.marenvres.2021.105529,Laminaria ochroleuca,1.5m,33,0.847826087,NA,1,"Data, Figure 2"
Frontier et al. 2022,10.1016/j.marenvres.2021.105529,Laminaria hyperborea,3m,33,0.565217391,NA,1,"Data, Figure 2"
Frontier et al. 2022,10.1016/j.marenvres.2021.105529,Laminaria ochroleuca,3m,33,1.028571429,NA,1,"Data, Figure 2"
Frontier et al. 2022,10.1016/j.marenvres.2021.105529,Laminaria hyperborea,3m,33,0.56097561,NA,1,"Data, Figure 2"
Frontier et al. 2022,10.1016/j.marenvres.2021.105529,Laminaria ochroleuca,3m,33,0.484848485,NA,1,"Data, Figure 2"
Frontier et al. 2022,10.1016/j.marenvres.2021.105529,Laminaria hyperborea,0.5m,33,1.088888889,NA,1,"Data, Figure 2"
Frontier et al. 2022,10.1016/j.marenvres.2021.105529,Laminaria ochroleuca,0.5m,33,0.764705882,NA,1,"Data, Figure 2"
Frontier et al. 2022,10.1016/j.marenvres.2021.105529,Laminaria hyperborea,0.5m,33,1.074074074,NA,1,"Data, Figure 2"
Frontier et al. 2022,10.1016/j.marenvres.2021.105529,Laminaria ochroleuca,0.5m,33,1.135135135,NA,1,"Data, Figure 2"
Frontier et al. 2022,10.1016/j.marenvres.2021.105529,Laminaria hyperborea,1.5m,33,1,NA,1,"Data, Figure 2"
Frontier et al. 2022,10.1016/j.marenvres.2021.105529,Laminaria ochroleuca,1.5m,33,1.117647059,NA,1,"Data, Figure 2"
Frontier et al. 2022,10.1016/j.marenvres.2021.105529,Laminaria hyperborea,1.5m,33,1.063829787,NA,1,"Data, Figure 2"
Frontier et al. 2022,10.1016/j.marenvres.2021.105529,Laminaria ochroleuca,1.5m,33,1.285714286,NA,1,"Data, Figure 2"
Frontier et al. 2022,10.1016/j.marenvres.2021.105529,Laminaria hyperborea,3m,33,1,NA,1,"Data, Figure 2"
Frontier et al. 2022,10.1016/j.marenvres.2021.105529,Laminaria ochroleuca,3m,33,0.72972973,NA,1,"Data, Figure 2"
Frontier et al. 2022,10.1016/j.marenvres.2021.105529,Laminaria hyperborea,3m,33,1,NA,1,"Data, Figure 2"
Frontier et al. 2022,10.1016/j.marenvres.2021.105529,Laminaria ochroleuca,3m,33,0.740740741,NA,1,"Data, Figure 2"
Frontier et al. 2022,10.1016/j.marenvres.2021.105529,Laminaria hyperborea,0.5m,33,1.127659574,NA,1,"Data, Figure 2"
Frontier et al. 2022,10.1016/j.marenvres.2021.105529,Laminaria ochroleuca,0.5m,33,0.777777778,NA,1,"Data, Figure 2"
Frontier et al. 2022,10.1016/j.marenvres.2021.105529,Laminaria hyperborea,0.5m,33,1.018181818,NA,1,"Data, Figure 2"
Frontier et al. 2022,10.1016/j.marenvres.2021.105529,Laminaria ochroleuca,0.5m,33,1.14893617,NA,1,"Data, Figure 2"
Frontier et al. 2022,10.1016/j.marenvres.2021.105529,Laminaria hyperborea,1.5m,33,1.069767442,NA,1,"Data, Figure 2"
Frontier et al. 2022,10.1016/j.marenvres.2021.105529,Laminaria ochroleuca,1.5m,33,0.739130435,NA,1,"Data, Figure 2"
Frontier et al. 2022,10.1016/j.marenvres.2021.105529,Laminaria hyperborea,1.5m,33,1.038461538,NA,1,"Data, Figure 2"
Frontier et al. 2022,10.1016/j.marenvres.2021.105529,Laminaria ochroleuca,1.5m,33,0.48,NA,1,"Data, Figure 2"
Frontier et al. 2022,10.1016/j.marenvres.2021.105529,Laminaria hyperborea,3m,33,0.875,NA,1,"Data, Figure 2"
Frontier et al. 2022,10.1016/j.marenvres.2021.105529,Laminaria ochroleuca,3m,33,0.675675676,NA,1,"Data, Figure 2"
Frontier et al. 2022,10.1016/j.marenvres.2021.105529,Laminaria hyperborea,3m,33,1,NA,1,"Data, Figure 2"
Frontier et al. 2022,10.1016/j.marenvres.2021.105529,Laminaria ochroleuca,3m,33,0.2,NA,1,"Data, Figure 2"
Frontier et al. 2022,10.1016/j.marenvres.2021.105529,Laminaria hyperborea,0.5m,40,1.057142857,NA,1,"Data, Figure 2"
Frontier et al. 2022,10.1016/j.marenvres.2021.105529,Laminaria ochroleuca,0.5m,40,1.1875,NA,1,"Data, Figure 2"
Frontier et al. 2022,10.1016/j.marenvres.2021.105529,Laminaria hyperborea,0.5m,40,1.051282051,NA,1,"Data, Figure 2"
Frontier et al. 2022,10.1016/j.marenvres.2021.105529,Laminaria ochroleuca,0.5m,40,0.861111111,NA,1,"Data, Figure 2"
Frontier et al. 2022,10.1016/j.marenvres.2021.105529,Laminaria hyperborea,1.5m,40,1.095238095,NA,1,"Data, Figure 2"
Frontier et al. 2022,10.1016/j.marenvres.2021.105529,Laminaria ochroleuca,1.5m,40,0.432432432,NA,1,"Data, Figure 2"
Frontier et al. 2022,10.1016/j.marenvres.2021.105529,Laminaria hyperborea,1.5m,40,1.0625,NA,1,"Data, Figure 2"
Frontier et al. 2022,10.1016/j.marenvres.2021.105529,Laminaria ochroleuca,1.5m,40,0.652173913,NA,1,"Data, Figure 2"
Frontier et al. 2022,10.1016/j.marenvres.2021.105529,Laminaria hyperborea,3m,40,0.565217391,NA,1,"Data, Figure 2"
Frontier et al. 2022,10.1016/j.marenvres.2021.105529,Laminaria ochroleuca,3m,40,0.857142857,NA,1,"Data, Figure 2"
Frontier et al. 2022,10.1016/j.marenvres.2021.105529,Laminaria hyperborea,3m,40,0.512195122,NA,1,"Data, Figure 2"
Frontier et al. 2022,10.1016/j.marenvres.2021.105529,Laminaria ochroleuca,3m,40,0.393939394,NA,1,"Data, Figure 2"
Frontier et al. 2022,10.1016/j.marenvres.2021.105529,Laminaria hyperborea,0.5m,40,1.155555556,NA,1,"Data, Figure 2"
Frontier et al. 2022,10.1016/j.marenvres.2021.105529,Laminaria ochroleuca,0.5m,40,0.852941177,NA,1,"Data, Figure 2"
Frontier et al. 2022,10.1016/j.marenvres.2021.105529,Laminaria hyperborea,0.5m,40,1.111111111,NA,1,"Data, Figure 2"
Frontier et al. 2022,10.1016/j.marenvres.2021.105529,Laminaria ochroleuca,0.5m,40,0.945945946,NA,1,"Data, Figure 2"
Frontier et al. 2022,10.1016/j.marenvres.2021.105529,Laminaria hyperborea,1.5m,40,1.054054054,NA,1,"Data, Figure 2"
Frontier et al. 2022,10.1016/j.marenvres.2021.105529,Laminaria ochroleuca,1.5m,40,0.970588235,NA,1,"Data, Figure 2"
Frontier et al. 2022,10.1016/j.marenvres.2021.105529,Laminaria hyperborea,1.5m,40,1.127659574,NA,1,"Data, Figure 2"
Frontier et al. 2022,10.1016/j.marenvres.2021.105529,Laminaria ochroleuca,1.5m,40,0.971428571,NA,1,"Data, Figure 2"
Frontier et al. 2022,10.1016/j.marenvres.2021.105529,Laminaria hyperborea,3m,40,1.037735849,NA,1,"Data, Figure 2"
Frontier et al. 2022,10.1016/j.marenvres.2021.105529,Laminaria ochroleuca,3m,40,0.405405405,NA,1,"Data, Figure 2"
Frontier et al. 2022,10.1016/j.marenvres.2021.105529,Laminaria hyperborea,3m,40,1.052631579,NA,1,"Data, Figure 2"
Frontier et al. 2022,10.1016/j.marenvres.2021.105529,Laminaria ochroleuca,3m,40,0.740740741,NA,1,"Data, Figure 2"
Frontier et al. 2022,10.1016/j.marenvres.2021.105529,Laminaria hyperborea,0.5m,40,1.106382979,NA,1,"Data, Figure 2"
Frontier et al. 2022,10.1016/j.marenvres.2021.105529,Laminaria ochroleuca,0.5m,40,0.488888889,NA,1,"Data, Figure 2"
Frontier et al. 2022,10.1016/j.marenvres.2021.105529,Laminaria hyperborea,0.5m,40,1.036363636,NA,1,"Data, Figure 2"
Frontier et al. 2022,10.1016/j.marenvres.2021.105529,Laminaria ochroleuca,0.5m,40,1.021276596,NA,1,"Data, Figure 2"
Frontier et al. 2022,10.1016/j.marenvres.2021.105529,Laminaria hyperborea,1.5m,40,1.069767442,NA,1,"Data, Figure 2"
Frontier et al. 2022,10.1016/j.marenvres.2021.105529,Laminaria ochroleuca,1.5m,40,0.47826087,NA,1,"Data, Figure 2"
Frontier et al. 2022,10.1016/j.marenvres.2021.105529,Laminaria hyperborea,1.5m,40,1.076923077,NA,1,"Data, Figure 2"
Frontier et al. 2022,10.1016/j.marenvres.2021.105529,Laminaria ochroleuca,1.5m,40,0.28,NA,1,"Data, Figure 2"
Frontier et al. 2022,10.1016/j.marenvres.2021.105529,Laminaria hyperborea,3m,40,0.9,NA,1,"Data, Figure 2"
Frontier et al. 2022,10.1016/j.marenvres.2021.105529,Laminaria ochroleuca,3m,40,0.594594595,NA,1,"Data, Figure 2"
Frontier et al. 2022,10.1016/j.marenvres.2021.105529,Laminaria hyperborea,3m,40,1.018867925,NA,1,"Data, Figure 2"
Frontier et al. 2022,10.1016/j.marenvres.2021.105529,Laminaria ochroleuca,3m,40,0,NA,1,"Data, Figure 2"